2016-07-10 00:02:00,652.14,652.16,652.16,652.14,3.25644
2016-07-10 00:03:19,652.01,652.14,652.14,652.01,1.6696600000000001
2016-07-10 00:04:26,652.02,652.02,652.02,652.02,0.44148
2016-07-10 00:05:27,652.02,652.02,652.02,652.02,1.0
2016-07-10 00:05:29,652.02,652.67,652.02,652.67,16.75829
2016-07-10 00:06:34,652.01,652.01,652.01,652.01,0.53
2016-07-10 00:06:56,652.37,652.65,652.37,652.65,1.58882
2016-07-10 00:08:00,652.64,652.66,652.64,652.66,5.75551
2016-07-10 00:08:21,652.65,652.66,652.65,652.66,1.73583
2016-07-10 00:12:20,652.66,652.66,652.66,652.66,0.63728
2016-07-10 00:12:54,652.66,652.66,652.66,652.66,0.6370100000000001
2016-07-10 00:13:29,652.67,652.67,652.67,652.67,0.92048
2016-07-10 00:13:57,652.67,652.67,652.67,652.67,1.61703
2016-07-10 00:14:55,652.67,652.67,652.67,652.67,0.03012371
2016-07-10 00:15:00,652.66,652.66,652.66,652.66,0.85837
2016-07-10 00:15:33,652.67,652.67,652.67,652.67,0.0458504
2016-07-10 00:15:59,652.67,652.75,652.67,652.75,4.13139
2016-07-10 00:16:56,652.37,652.75,652.75,652.37,6.72055
2016-07-10 00:27:26,652.46,652.46,652.46,652.46,2.28587
2016-07-10 00:28:59,652.52,652.55,652.52,652.55,1.38307
2016-07-10 00:29:25,652.54,652.54,652.54,652.54,1.38361
2016-07-10 00:30:54,652.01,652.5,652.5,652.01,3.19267
2016-07-10 00:31:50,652.2,652.2,652.2,652.2,1.97733
2016-07-10 00:32:23,652.36,652.37,652.36,652.37,0.38914000000000004
2016-07-10 00:32:59,652.37,652.37,652.37,652.37,2.36648
2016-07-10 00:33:18,652.4,652.53,652.4,652.53,2.8431100000000002
2016-07-10 00:34:24,652.01,652.53,652.53,652.01,2.5952900000000003
2016-07-10 00:34:57,652.21,652.21,652.21,652.21,2.50118
2016-07-10 00:37:27,652.18,652.19,652.18,652.19,7.07866
2016-07-10 00:37:57,652.19,652.19,652.19,652.19,6.58823
2016-07-10 00:38:57,652.04,652.18,652.18,652.04,7.24008
2016-07-10 00:45:03,648.95,648.95,648.95,648.95,0.0533169
2016-07-10 00:45:21,648.95,650.9,648.95,650.9,28.33031
2016-07-10 00:46:41,650.99,650.99,650.99,650.99,0.02
2016-07-10 00:47:20,650.99,650.99,650.99,650.99,0.09012239
2016-07-10 00:47:47,650.89,650.92,650.92,650.89,0.17
2016-07-10 00:49:27,650.89,650.89,650.89,650.89,0.1
2016-07-10 00:49:59,650.98,650.98,650.98,650.98,1.71332
2016-07-10 00:50:26,650.89,650.89,650.89,650.89,0.1
2016-07-10 00:50:27,650.9,650.98,650.9,650.98,1.8020999999999998
2016-07-10 00:51:27,650.44,650.89,650.89,650.44,0.61914
2016-07-10 00:52:28,650.88,650.88,650.88,650.88,0.04781
2016-07-10 00:53:19,650.85,650.85,650.85,650.85,0.34279
2016-07-10 00:53:55,650.87,650.87,650.87,650.87,0.25
2016-07-10 01:00:59,650.85,650.87,650.87,650.85,0.8943500000000001
2016-07-10 01:01:02,650.87,650.87,650.87,650.87,0.05390121
2016-07-10 01:01:30,650.85,650.87,650.87,650.85,0.90082
2016-07-10 01:01:50,650.86,650.86,650.86,650.86,0.02484
2016-07-10 01:02:05,650.87,650.87,650.87,650.87,0.0625191
2016-07-10 01:02:27,650.87,650.88,650.87,650.88,1.41153
2016-07-10 01:07:19,650.87,650.87,650.87,650.87,0.01532573
2016-07-10 01:07:28,650.86,650.86,650.86,650.86,0.77157
2016-07-10 01:07:50,650.86,650.86,650.86,650.86,0.63789
2016-07-10 01:11:27,650.87,650.87,650.87,650.87,1.41863
2016-07-10 01:12:00,650.87,650.87,650.87,650.87,1.58399
2016-07-10 01:12:27,650.87,650.87,650.87,650.87,0.16557
2016-07-10 01:12:47,650.86,650.86,650.86,650.86,1.34361
2016-07-10 01:14:47,650.79,650.86,650.86,650.79,1.1658700000000002
2016-07-10 01:15:16,650.3,650.78,650.78,650.3,1.16563
2016-07-10 01:15:58,650.33,650.33,650.33,650.33,0.34737
2016-07-10 01:16:30,650.32,650.32,650.32,650.32,0.54
2016-07-10 01:17:29,650.32,650.32,650.32,650.32,2.89243
2016-07-10 01:17:48,650.32,650.32,650.32,650.32,1.87429
2016-07-10 01:18:28,650.33,650.53,650.33,650.53,1.29515
2016-07-10 01:18:48,650.44,650.44,650.44,650.44,2.59244
2016-07-10 01:19:50,650.52,650.52,650.52,650.52,3.0851
2016-07-10 01:20:26,650.52,650.52,650.52,650.52,0.75878
2016-07-10 01:25:15,650.72,650.72,650.72,650.72,12.01347
2016-07-10 01:26:25,650.73,650.9,650.73,650.9,6.01827
2016-07-10 01:26:54,650.9,650.9,650.9,650.9,6.26935
2016-07-10 01:33:27,650.75,650.75,650.75,650.75,0.11755
2016-07-10 01:36:27,650.75,650.75,650.75,650.75,2.9999
2016-07-10 01:36:31,650.76,650.76,650.76,650.76,0.37790346
2016-07-10 01:36:32,650.76,650.76,650.76,650.76,0.12596782
2016-07-10 01:36:33,650.76,650.76,650.76,650.76,0.12596782
2016-07-10 01:36:56,650.77,650.78,650.77,650.78,1.14092
2016-07-10 01:36:57,650.76,650.76,650.76,650.76,0.41000000000000003
2016-07-10 01:37:18,650.76,650.78,650.76,650.78,1.14128
2016-07-10 01:37:57,650.75,650.75,650.75,650.75,0.28909
2016-07-10 01:39:29,650.75,650.75,650.75,650.75,1.83214
2016-07-10 01:40:30,650.75,650.75,650.75,650.75,0.11676
2016-07-10 01:42:22,650.78,650.78,650.78,650.78,0.1224
2016-07-10 01:42:53,650.78,650.78,650.78,650.78,0.40999
2016-07-10 01:47:29,650.76,650.76,650.76,650.76,0.01745155
2016-07-10 01:47:48,650.76,650.78,650.76,650.78,1.41307
2016-07-10 01:48:25,650.78,650.78,650.78,650.78,1.57615
2016-07-10 01:49:30,650.75,650.77,650.77,650.75,0.7814
2016-07-10 01:50:02,650.75,650.75,650.75,650.75,3.7619345
2016-07-10 01:51:14,650.76,650.76,650.76,650.76,0.285
2016-07-10 01:51:25,650.75,650.76,650.76,650.75,2.0996699999999997
2016-07-10 01:51:52,650.76,650.76,650.76,650.76,2.26954
2016-07-10 01:52:16,650.75,650.76,650.76,650.75,0.16948
2016-07-10 01:52:55,650.77,650.86,650.77,650.86,2.28291
2016-07-10 01:53:28,650.84,650.89,650.84,650.89,2.36737
2016-07-10 01:53:54,650.89,650.89,650.89,650.89,0.46876999999999996
2016-07-10 01:55:55,650.77,650.77,650.77,650.77,2.0364
2016-07-10 02:00:16,650.78,650.78,650.78,650.78,0.0595
2016-07-10 02:01:52,650.77,650.77,650.77,650.77,0.40819
2016-07-10 02:02:06,650.77,650.77,650.77,650.77,0.47
2016-07-10 02:02:26,650.77,650.77,650.77,650.77,0.12778
2016-07-10 02:09:16,650.75,650.91,650.91,650.75,4.456309999999999
2016-07-10 02:09:29,650.76,650.76,650.76,650.76,0.12862886
2016-07-10 02:10:27,650.76,650.76,650.76,650.76,1.3099999999999998
2016-07-10 02:11:25,650.76,650.76,650.76,650.76,1.18
2016-07-10 02:11:29,650.76,650.76,650.76,650.76,0.13423
2016-07-10 02:14:45,650.76,650.76,650.76,650.76,1.39
2016-07-10 02:14:50,650.77,650.78,650.77,650.78,1.72098
2016-07-10 02:15:24,650.78,650.99,650.78,650.99,2.3490200000000003
2016-07-10 02:15:56,650.81,650.81,650.81,650.81,0.62819
2016-07-10 02:16:10,650.82,650.84,650.84,650.82,0.37
2016-07-10 02:18:26,650.94,650.94,650.94,650.94,3.61428
2016-07-10 02:19:46,650.95,650.97,650.95,650.97,0.5259
2016-07-10 02:21:42,650.93,650.93,650.93,650.93,1.0
2016-07-10 02:23:20,650.92,650.92,650.92,650.92,1.67908
2016-07-10 02:24:19,650.93,650.93,650.93,650.93,0.466
2016-07-10 02:24:56,650.93,650.93,650.93,650.93,0.46653
2016-07-10 02:25:53,650.93,650.93,650.93,650.93,0.2843
2016-07-10 02:26:28,650.92,650.92,650.92,650.92,0.21133
2016-07-10 02:27:58,650.92,650.92,650.92,650.92,2.86157
2016-07-10 02:29:56,650.92,650.92,650.92,650.92,5.58447
2016-07-10 02:30:52,650.93,650.93,650.93,650.93,1.30518
2016-07-10 02:31:23,650.92,650.92,650.92,650.92,3.195
2016-07-10 02:31:41,650.54,650.92,650.92,650.54,16.135
2016-07-10 02:32:10,650.54,650.54,650.54,650.54,1.08014077
2016-07-10 02:32:17,650.53,650.53,650.53,650.53,0.12596782
2016-07-10 02:32:19,650.36,650.46,650.46,650.36,0.15000000000000002
2016-07-10 02:32:20,650.02,650.36,650.36,650.02,2.719
2016-07-10 02:32:38,650.0,650.02,650.02,650.0,3.39335621
2016-07-10 02:33:26,650.0,650.0,650.0,650.0,0.50829
2016-07-10 02:33:58,650.0,650.0,650.0,650.0,0.42646
2016-07-10 02:34:55,650.01,650.01,650.01,650.01,0.74917
2016-07-10 02:35:50,650.01,650.01,650.01,650.01,1.0
2016-07-10 02:35:57,650.03,650.03,650.03,650.03,0.63182
2016-07-10 02:40:20,650.03,650.42,650.03,650.42,0.72028
2016-07-10 02:41:15,650.44,650.46,650.44,650.46,2.02
2016-07-10 02:42:13,650.58,650.58,650.58,650.58,3.1999
2016-07-10 02:42:55,650.59,650.61,650.59,650.61,0.40195000000000003
2016-07-10 02:44:39,650.68,650.7,650.68,650.7,0.1
2016-07-10 02:51:24,650.94,650.94,650.94,650.94,0.44428
2016-07-10 02:52:27,650.94,650.94,650.94,650.94,0.21801
2016-07-10 02:58:24,650.95,650.95,650.95,650.95,4.90176
2016-07-10 02:59:25,650.0,650.96,650.96,650.0,15.213740000000005
2016-07-10 02:59:29,650.97,650.97,650.97,650.97,0.185
2016-07-10 02:59:55,650.0,650.48,650.48,650.0,15.21305
2016-07-10 03:01:55,650.02,650.87,650.02,650.87,15.19646
2016-07-10 03:02:23,650.59,650.99,650.59,650.99,15.19659
2016-07-10 03:03:59,650.0,650.98,650.98,650.0,10.500039999999997
2016-07-10 03:04:26,650.0,650.98,650.98,650.0,10.484829999999999
2016-07-10 03:04:48,650.24,651.0,650.24,651.0,1.07994
2016-07-10 03:05:23,650.99,651.0,650.99,651.0,11.564919999999999
2016-07-10 03:05:49,651.0,651.34,651.0,651.34,10.485649999999993
2016-07-10 03:06:46,650.0,651.3,651.3,650.0,11.474490000000003
2016-07-10 03:07:28,650.01,650.48,650.48,650.01,11.47418
2016-07-10 03:08:23,650.55,651.35,650.55,651.35,11.951
2016-07-10 03:08:44,651.32,651.32,651.32,651.32,2.05104876
2016-07-10 03:12:20,651.28,651.28,651.28,651.28,0.17787
2016-07-10 03:12:57,650.53,651.27,651.27,650.53,1.0733400000000002
2016-07-10 03:13:29,650.66,650.66,650.66,650.66,0.10903
2016-07-10 03:14:27,650.7,650.86,650.7,650.86,0.17979
2016-07-10 03:14:55,650.85,650.85,650.85,650.85,0.32416
2016-07-10 03:18:18,650.75,651.28,650.75,651.28,2.1709
2016-07-10 03:24:27,651.29,651.63,651.29,651.63,11.878919999999999
2016-07-10 03:24:55,651.2,651.44,651.44,651.2,0.1142
2016-07-10 03:25:59,650.0,651.37,651.37,650.0,11.909220000000001
2016-07-10 03:26:27,650.31,650.4,650.31,650.4,0.03
2016-07-10 03:26:57,650.0,650.04,650.04,650.0,14.20388
2016-07-10 03:27:29,650.03,650.47,650.47,650.03,2.8152
2016-07-10 03:28:27,650.28,651.09,650.28,651.09,14.830580000000001
2016-07-10 03:29:28,650.17,650.55,650.55,650.17,0.48134000000000005
2016-07-10 03:29:47,650.18,650.54,650.54,650.18,0.48055000000000003
2016-07-10 03:33:25,650.87,650.87,650.87,650.87,0.48413000000000006
2016-07-10 03:33:57,650.51,650.86,650.86,650.51,0.3834
2016-07-10 03:34:47,650.41,650.44,650.44,650.41,0.35333000000000003
2016-07-10 03:40:20,650.7,651.14,650.7,651.14,2.62977
2016-07-10 03:43:55,650.42,650.85,650.85,650.42,0.17242000000000002
2016-07-10 03:44:28,650.86,651.06,650.86,651.06,2.74788
2016-07-10 03:44:59,650.83,651.26,650.83,651.26,2.93048
2016-07-10 03:55:25,650.77,650.77,650.77,650.77,5.48693
2016-07-10 03:55:58,650.77,650.77,650.77,650.77,5.55869
2016-07-10 04:00:21,651.04,652.0,652.0,651.04,6.094189999999999
2016-07-10 04:00:59,650.46,651.34,651.34,650.46,6.191229999999998
2016-07-10 04:01:17,651.04,651.08,651.08,651.04,0.48602
2016-07-10 04:03:20,651.38,651.45,651.38,651.45,6.319590000000001
2016-07-10 04:03:46,651.44,652.62,651.44,652.62,6.402069999999996
2016-07-10 04:04:56,650.31,651.52,651.52,650.31,5.848259999999999
2016-07-10 04:05:23,650.34,650.34,650.34,650.34,0.05436828
2016-07-10 04:05:58,650.36,650.36,650.36,650.36,0.07945
2016-07-10 04:06:17,650.33,650.36,650.36,650.33,20.0
2016-07-10 04:06:27,650.37,650.37,650.37,650.37,0.09841
2016-07-10 04:07:25,650.47,650.48,650.47,650.48,0.19833
2016-07-10 04:07:43,650.0,650.45,650.45,650.0,19.999999999999993
2016-07-10 04:14:26,649.55,650.53,649.55,650.53,4.267310000000001
2016-07-10 04:14:57,649.86,650.61,649.86,650.61,4.19785
2016-07-10 04:15:57,649.78,649.78,649.78,649.78,4.217149999999999
2016-07-10 04:16:58,649.93,649.93,649.93,649.93,0.35178
2016-07-10 04:17:57,649.79,649.79,649.79,649.79,0.30713
2016-07-10 04:18:26,649.78,649.78,649.78,649.78,0.06223
2016-07-10 04:19:56,649.82,649.82,649.82,649.82,0.7908000000000001
2016-07-10 04:20:16,649.8,649.8,649.8,649.8,0.78892
2016-07-10 04:25:01,649.8,649.8,649.8,649.8,0.03224017
2016-07-10 04:25:29,649.81,649.81,649.81,649.81,1.06324
2016-07-10 04:26:05,649.78,649.78,649.78,649.78,0.19
2016-07-10 04:26:50,649.78,649.78,649.78,649.78,0.31342
2016-07-10 04:31:19,649.79,649.79,649.79,649.79,0.83409
2016-07-10 04:31:46,649.79,649.79,649.79,649.79,0.82575
2016-07-10 04:36:27,649.82,649.82,649.82,649.82,0.16
2016-07-10 04:37:14,650.65,650.65,650.65,650.65,0.16
2016-07-10 04:37:53,650.66,650.67,650.66,650.67,0.34762000000000004
2016-07-10 04:38:28,650.67,650.67,650.67,650.67,0.41621
2016-07-10 04:49:25,650.69,650.71,650.69,650.71,1.82029
2016-07-10 04:51:25,650.7,650.7,650.7,650.7,2.50537
2016-07-10 04:51:48,650.48,650.7,650.7,650.48,2.60277
2016-07-10 04:52:18,650.51,650.51,650.51,650.51,0.85709
2016-07-10 04:53:17,650.51,651.71,650.51,651.71,1.8654600000000006
2016-07-10 04:53:54,650.66,650.67,650.66,650.67,1.84351
2016-07-10 04:54:49,650.48,650.66,650.66,650.48,1.87828
2016-07-10 04:55:29,650.15,650.46,650.46,650.15,1.8611600000000001
2016-07-10 04:55:54,650.33,650.51,650.33,650.51,0.07677
2016-07-10 04:56:53,650.25,650.26,650.25,650.26,2.21694
2016-07-10 04:57:25,650.57,650.99,650.57,650.99,1.95143
2016-07-10 04:58:18,649.59,650.28,650.28,649.59,2.2983299999999995
2016-07-10 04:58:57,650.47,650.47,650.47,650.47,2.44839
2016-07-10 04:59:19,650.24,650.43,650.43,650.24,0.19861
2016-07-10 05:06:27,650.04,650.4,650.4,650.04,0.6194400000000001
2016-07-10 05:06:50,649.89,650.0,650.0,649.89,0.58941
2016-07-10 05:07:29,649.58,649.58,649.58,649.58,0.03055
2016-07-10 05:07:47,649.8,650.49,649.8,650.49,2.8339599999999994
2016-07-10 05:08:45,649.93,649.93,649.93,649.93,0.6953
2016-07-10 05:09:27,649.9,649.91,649.91,649.9,0.25401999999999997
2016-07-10 05:09:32,649.91,649.91,649.91,649.91,0.018
2016-07-10 05:09:48,649.9,649.9,649.9,649.9,1.0
2016-07-10 05:10:17,649.48,649.89,649.89,649.48,0.30408
2016-07-10 05:12:17,649.66,649.66,649.66,649.66,0.16976
2016-07-10 05:14:59,649.67,650.26,649.67,650.26,0.32234000000000007
2016-07-10 05:18:26,650.82,650.82,650.82,650.82,0.74693
2016-07-10 05:19:29,650.83,650.83,650.83,650.83,0.4774
2016-07-10 05:19:46,650.83,650.83,650.83,650.83,0.05677
2016-07-10 05:20:59,651.03,651.06,651.03,651.06,0.8885099999999999
2016-07-10 05:30:17,651.44,651.55,651.44,651.55,0.27841
2016-07-10 05:30:47,651.27,651.28,651.28,651.27,0.17666
2016-07-10 05:32:57,651.55,651.71,651.55,651.71,0.18371
2016-07-10 05:36:26,650.85,651.42,651.42,650.85,9.846609999999998
2016-07-10 05:37:22,651.08,653.32,651.08,653.32,9.683470000000003
2016-07-10 05:38:54,652.54,652.76,652.54,652.76,0.52096
2016-07-10 05:39:57,652.39,652.39,652.39,652.39,0.09999999999999999
2016-07-10 05:43:01,652.67,654.53,652.67,654.53,5.388689999999998
2016-07-10 05:48:53,652.96,652.96,652.96,652.96,1.8543099999999997
2016-07-10 05:49:54,652.99,653.0,653.0,652.99,0.41712000000000005
2016-07-10 05:50:23,653.07,653.09,653.09,653.07,0.41655
2016-07-10 05:54:25,653.28,653.28,653.28,653.28,0.19018
2016-07-10 05:56:26,652.96,653.14,653.14,652.96,0.6218100000000001
2016-07-10 05:56:45,653.13,653.14,653.14,653.13,0.576
2016-07-10 05:56:58,652.96,653.13,653.13,652.96,9.701419999999999
2016-07-10 05:59:58,653.28,654.22,653.28,654.22,2.54905
2016-07-10 06:01:25,653.08,653.08,653.08,653.08,0.15406
2016-07-10 06:02:27,652.96,653.07,653.07,652.96,0.6494400000000001
2016-07-10 06:04:52,652.97,653.8,652.97,653.8,6.532719999999999
2016-07-10 06:07:28,652.64,652.95,652.95,652.64,1.5261299999999995
2016-07-10 06:07:45,652.64,652.64,652.64,652.64,0.14698616
2016-07-10 06:07:49,652.64,652.64,652.64,652.64,0.7999999999999999
2016-07-10 06:07:55,652.64,652.64,652.64,652.64,0.8
2016-07-10 06:07:57,652.12,652.63,652.63,652.12,1.9080599999999996
2016-07-10 06:08:50,652.31,652.96,652.31,652.96,2.928019999999998
2016-07-10 06:09:14,651.96,652.08,652.08,651.96,0.5000000000000001
2016-07-10 06:09:57,651.18,652.62,652.62,651.18,5.306440000000003
2016-07-10 06:10:27,650.78,652.16,652.16,650.78,5.346189999999997
2016-07-10 06:10:31,651.45,651.67,651.45,651.67,0.060000000000000005
2016-07-10 06:10:57,651.89,651.89,651.89,651.89,1.79982
2016-07-10 06:11:57,651.9,652.96,651.9,652.96,7.363550000000008
2016-07-10 06:15:26,651.61,651.92,651.92,651.61,12.135830000000002
2016-07-10 06:15:29,651.77,651.77,651.77,651.77,0.013
2016-07-10 06:17:50,646.69,651.75,651.75,646.69,48.50697999999997
2016-07-10 06:17:53,650.79,651.43,651.43,650.79,2.40084449
2016-07-10 06:17:54,650.66,650.67,650.67,650.66,1.2000000000000002
2016-07-10 06:17:57,650.81,650.83,650.83,650.81,0.6
2016-07-10 06:18:08,650.7,650.71,650.7,650.71,3.372812
2016-07-10 06:18:28,646.44,650.72,650.72,646.44,48.36409999999999
2016-07-10 06:18:55,650.72,650.72,650.72,650.72,0.08154
2016-07-10 06:19:19,650.73,652.96,650.73,652.96,48.2466
2016-07-10 06:19:44,650.96,654.97,650.96,654.97,48.41776000000014
2016-07-10 06:19:49,651.18,651.18,651.18,651.18,0.025
2016-07-10 06:19:50,651.2,651.75,651.2,651.75,0.05
2016-07-10 06:20:25,651.95,651.96,651.95,651.96,0.17154999999999998
2016-07-10 06:21:57,648.7,651.95,651.95,648.7,48.19547
2016-07-10 06:22:54,651.02,651.02,651.02,651.02,0.05867
2016-07-10 06:23:55,651.03,651.03,651.03,651.03,0.32670000000000005
2016-07-10 06:24:26,651.02,651.03,651.02,651.03,0.32697000000000004
2016-07-10 06:24:54,651.03,651.03,651.03,651.03,0.05974
2016-07-10 06:25:55,651.03,651.03,651.03,651.03,0.09024
2016-07-10 06:26:57,651.03,651.03,651.03,651.03,0.22263
2016-07-10 06:28:53,651.04,651.04,651.04,651.04,0.50992
2016-07-10 06:33:53,651.05,651.08,651.05,651.08,0.126
2016-07-10 06:34:26,651.08,651.18,651.08,651.18,0.04947
2016-07-10 06:34:56,651.17,651.17,651.17,651.17,0.07613
2016-07-10 06:35:14,651.16,651.16,651.16,651.16,0.12507
2016-07-10 06:36:25,651.11,651.12,651.11,651.12,0.24462
2016-07-10 06:36:27,651.1,651.12,651.12,651.1,0.11100081
2016-07-10 06:36:28,651.12,651.12,651.12,651.12,0.11100081
2016-07-10 06:36:29,651.17,651.17,651.17,651.17,0.11100081
2016-07-10 06:36:30,651.17,651.17,651.17,651.17,0.11100081
2016-07-10 06:36:31,651.17,651.17,651.17,651.17,0.11100081
2016-07-10 06:37:25,651.17,651.17,651.17,651.17,0.10919
2016-07-10 06:38:09,651.17,651.17,651.17,651.17,0.01580827
2016-07-10 06:38:11,651.16,651.16,651.16,651.16,0.0151496
2016-07-10 06:39:52,651.18,651.2,651.18,651.2,0.040119999999999996
2016-07-10 06:40:28,651.2,651.32,651.2,651.32,0.21141
2016-07-10 06:42:27,651.31,651.31,651.31,651.31,0.04417
2016-07-10 06:42:58,651.31,651.31,651.31,651.31,0.14379
2016-07-10 06:44:20,651.32,651.61,651.32,651.61,2.53027
2016-07-10 06:44:48,651.6,651.6,651.6,651.6,0.04
2016-07-10 06:50:27,651.6,651.6,651.6,651.6,0.57811
2016-07-10 06:52:23,650.75,651.59,651.59,650.75,1.9497699999999987
2016-07-10 06:52:24,651.37,651.38,651.37,651.38,0.16999999999999998
2016-07-10 06:52:26,650.94,650.94,650.94,650.94,0.19
2016-07-10 06:53:25,650.75,650.87,650.87,650.75,2.84077
2016-07-10 06:53:27,650.76,650.76,650.76,650.76,0.21000000000000002
2016-07-10 06:53:44,650.75,650.75,650.75,650.75,1.0
2016-07-10 06:53:47,650.76,650.76,650.76,650.76,0.21
2016-07-10 06:53:49,650.76,650.76,650.76,650.76,0.21
2016-07-10 06:53:50,648.87,650.75,650.75,648.87,2.8400099999999995
2016-07-10 06:57:19,648.89,648.89,648.89,648.89,0.1
2016-07-10 06:58:29,649.17,649.33,649.17,649.33,0.35714999999999997
2016-07-10 06:58:57,649.13,649.13,649.13,649.13,0.02221
2016-07-10 06:59:18,648.87,649.13,649.13,648.87,0.3628800000000001
2016-07-10 07:01:29,649.11,649.11,649.11,649.11,0.6693899999999999
2016-07-10 07:01:48,649.11,649.11,649.11,649.11,0.68982
2016-07-10 07:02:28,649.11,649.11,649.11,649.11,0.20754
2016-07-10 07:03:59,649.24,649.24,649.24,649.24,0.78431
2016-07-10 07:04:10,649.38,649.38,649.38,649.38,0.2441
2016-07-10 07:04:26,649.38,649.38,649.38,649.38,0.5368200000000001
2016-07-10 07:04:58,649.39,649.43,649.39,649.43,0.27167
2016-07-10 07:09:56,649.28,649.28,649.28,649.28,0.01263
2016-07-10 07:11:51,649.29,649.29,649.29,649.29,0.09062
2016-07-10 07:15:28,648.98,649.28,649.28,648.98,1.52459
2016-07-10 07:15:55,648.78,648.99,648.99,648.78,1.5448100000000002
2016-07-10 07:17:19,649.1,649.14,649.1,649.14,0.09
2016-07-10 07:21:57,649.24,650.36,650.36,649.24,11.197519999999997
2016-07-10 07:22:28,648.98,649.6,649.6,648.98,11.17152
2016-07-10 07:23:20,649.5,649.85,649.5,649.85,10.81178
2016-07-10 07:25:25,649.14,649.42,649.42,649.14,0.6905100000000001
2016-07-10 07:25:58,649.37,649.42,649.42,649.37,0.27753
2016-07-10 07:26:10,649.08,649.37,649.37,649.08,1.0
2016-07-10 07:27:27,649.43,650.28,649.43,650.28,1.5595599999999992
2016-07-10 07:27:57,650.22,650.94,650.22,650.94,1.9705199999999992
2016-07-10 07:28:47,649.91,650.37,650.37,649.91,0.5982900000000001
2016-07-10 07:29:54,649.91,649.91,649.91,649.91,2.5063
2016-07-10 07:39:27,649.96,650.15,650.15,649.96,0.12747999999999998
2016-07-10 07:39:55,649.96,649.96,649.96,649.96,0.03426
2016-07-10 07:45:22,649.7,649.7,649.7,649.7,0.29579
2016-07-10 07:47:40,649.71,649.8,649.71,649.8,0.0927
2016-07-10 07:54:55,650.21,650.5,650.21,650.5,0.37150000000000005
2016-07-10 07:55:28,650.55,650.55,650.55,650.55,0.39154
2016-07-10 08:03:49,650.87,650.87,650.87,650.87,7.72776
2016-07-10 08:04:25,650.86,650.87,650.87,650.86,7.3577900000000005
2016-07-10 08:04:58,650.87,651.0,650.9,650.9,1.1499400000000002
2016-07-10 08:06:29,650.98,651.0,650.98,651.0,6.64241
2016-07-10 08:21:58,650.67,650.78,650.67,650.78,6.6444
2016-07-10 08:22:29,650.67,650.82,650.67,650.82,7.062740000000001
2016-07-10 08:23:28,650.03,650.66,650.66,650.03,11.329120000000001
2016-07-10 08:30:29,649.86,650.65,650.65,649.86,3.384279999999998
2016-07-10 08:30:56,649.86,650.04,650.04,649.86,3.9618200000000003
2016-07-10 08:31:20,650.04,650.29,650.29,650.04,0.5771200000000001
2016-07-10 08:32:57,650.35,650.88,650.35,650.88,3.029919999999998
2016-07-10 08:34:53,650.87,650.87,650.87,650.87,0.0973
2016-07-10 08:34:59,650.87,650.87,650.87,650.87,0.06729
2016-07-10 08:35:15,650.86,650.86,650.86,650.86,0.09595
2016-07-10 08:35:58,650.87,650.87,650.87,650.87,0.08054
2016-07-10 08:36:20,650.88,650.88,650.88,650.88,0.17703
2016-07-10 08:36:29,650.77,650.81,650.81,650.81,0.7744962999999999
2016-07-10 08:36:30,650.83,650.83,650.83,650.83,0.38724815
2016-07-10 08:36:31,650.85,650.85,650.85,650.85,0.38724815
2016-07-10 08:36:32,650.86,650.86,650.86,650.86,0.38724815
2016-07-10 08:36:58,650.87,650.87,650.87,650.87,0.09873
2016-07-10 08:37:27,650.87,650.87,650.87,650.87,0.21653
2016-07-10 08:39:15,650.82,650.82,650.82,650.82,0.27469
2016-07-10 08:41:25,650.87,650.87,650.87,650.87,0.34884000000000004
2016-07-10 08:49:23,650.84,650.85,650.84,650.85,3.03973
2016-07-10 08:56:58,650.34,650.81,650.81,650.34,1.1784199999999996
2016-07-10 08:57:57,650.74,650.88,650.74,650.88,0.5708800000000002
2016-07-10 08:58:27,650.63,650.63,650.63,650.63,0.46076
2016-07-10 08:59:44,650.64,650.88,650.64,650.88,1.9999999999999993
2016-07-10 09:10:23,650.76,650.76,650.76,650.76,0.11803004
2016-07-10 09:11:55,650.76,650.76,650.76,650.76,2.81801
2016-07-10 09:16:29,650.76,650.88,650.76,650.88,1.9426700000000001
2016-07-10 09:16:56,650.85,650.86,650.85,650.86,1.98823
2016-07-10 09:18:29,650.76,650.76,650.76,650.76,1.80974
2016-07-10 09:21:58,650.39,650.83,650.83,650.39,4.480799999999998
2016-07-10 09:24:12,650.85,650.85,650.85,650.85,0.00613048
2016-07-10 09:24:49,650.84,650.84,650.84,650.84,3.072e-05
2016-07-10 09:24:55,650.84,650.84,650.84,650.84,0.02
2016-07-10 09:25:46,650.84,650.84,650.84,650.84,0.01532644
2016-07-10 09:26:28,650.84,650.84,650.84,650.84,3.072e-05
2016-07-10 09:27:21,650.84,650.84,650.84,650.84,0.0205
2016-07-10 09:27:28,650.84,650.84,650.84,650.84,1.66878
2016-07-10 09:27:50,650.84,650.84,650.84,650.84,1.29777
2016-07-10 09:28:59,650.85,650.88,650.85,650.88,1.4862383399999999
2016-07-10 09:30:42,650.88,650.9,650.88,650.9,2.08500278
2016-07-10 09:31:36,650.89,650.89,650.89,650.89,1.536e-05
2016-07-10 09:31:42,650.89,650.89,650.89,650.89,0.01
2016-07-10 09:32:00,650.89,650.89,650.89,650.89,0.00079437
2016-07-10 09:32:56,650.85,650.87,650.87,650.85,0.30000000000000004
2016-07-10 09:33:58,650.88,650.89,650.88,650.89,0.45878
2016-07-10 09:34:47,650.88,650.88,650.88,650.88,0.022988250000000002
2016-07-10 09:35:25,650.85,650.87,650.87,650.85,0.12
2016-07-10 09:35:54,650.85,650.85,650.85,650.85,3.072e-05
2016-07-10 09:36:30,650.65,650.84,650.84,650.65,0.29639287000000003
2016-07-10 09:36:31,650.54,650.65,650.65,650.54,0.17217875
2016-07-10 09:36:34,650.51,650.51,650.51,650.51,0.02
2016-07-10 09:36:53,650.46,650.46,650.46,650.46,0.0231685
2016-07-10 09:39:39,650.38,650.41,650.41,650.38,0.026000000000000002
2016-07-10 09:40:06,650.39,650.39,650.39,650.39,1.7379735699999996
2016-07-10 09:40:30,650.39,650.45,650.39,650.45,5.518750000000001
2016-07-10 09:40:46,650.44,650.44,650.44,650.44,0.0258684
2016-07-10 09:41:40,650.44,650.44,650.44,650.44,0.01
2016-07-10 09:42:51,650.45,650.45,650.45,650.45,0.00098918
2016-07-10 09:44:13,650.43,650.43,650.43,650.43,0.00920166
2016-07-10 09:47:23,650.43,650.43,650.43,650.43,0.01
2016-07-10 09:48:38,650.43,650.43,650.43,650.43,0.00073613
2016-07-10 09:50:02,650.43,650.43,650.43,650.43,3.74500764
2016-07-10 09:51:49,646.94,650.42,650.42,646.94,47.4124499999999
2016-07-10 09:52:38,649.64,649.64,649.64,649.64,0.02303
2016-07-10 09:55:49,649.63,649.63,649.63,649.63,2.13178227
2016-07-10 09:55:50,649.64,649.68,649.64,649.68,1.1494300000000002
2016-07-10 09:56:30,649.66,649.67,649.66,649.67,1.55293
2016-07-10 09:57:00,649.66,649.66,649.66,649.66,0.33792
2016-07-10 09:57:22,649.38,649.65,649.65,649.38,1.2013599999999995
2016-07-10 09:58:21,649.52,649.52,649.52,649.52,0.08
2016-07-10 09:58:30,648.91,649.51,649.51,648.91,0.7847599999999999
2016-07-10 09:59:03,649.13,649.13,649.13,649.13,0.01
2016-07-10 10:00:54,649.2,649.2,649.2,649.2,1.251e-05
2016-07-10 10:01:21,649.18,649.19,649.19,649.18,0.0159
2016-07-10 10:01:29,648.95,649.18,649.18,648.95,0.31791
2016-07-10 10:02:00,649.03,649.03,649.03,649.03,0.31711
2016-07-10 10:09:16,649.04,649.04,649.04,649.04,0.0099515
2016-07-10 10:11:00,648.95,649.03,649.03,648.95,0.11184
2016-07-10 10:13:22,648.98,649.07,648.98,649.07,0.76215
2016-07-10 10:17:21,649.12,649.21,649.12,649.21,4.45902
2016-07-10 10:18:30,649.19,649.2,649.2,649.19,1.4087799999999997
2016-07-10 10:20:28,648.9,649.19,649.19,649.11,1.4609999999999999
2016-07-10 10:24:26,648.93,649.21,648.93,649.21,1.5222099999999998
2016-07-10 10:24:54,649.19,649.21,649.19,649.21,1.23203
2016-07-10 10:25:50,648.94,648.94,648.94,648.94,1.55194
2016-07-10 10:25:54,648.96,648.96,648.96,648.96,0.07
2016-07-10 10:26:42,648.93,648.93,648.93,648.93,0.735
2016-07-10 10:33:00,642.76,642.76,642.76,642.76,0.04
2016-07-10 10:33:01,642.76,642.76,642.76,642.76,0.1653406
2016-07-10 10:33:02,642.76,642.76,642.76,642.76,0.03218894
2016-07-10 10:33:16,642.75,642.75,642.75,642.75,0.01
2016-07-10 10:33:22,641.01,642.53,642.53,641.01,11.855499999999996
2016-07-10 10:33:30,641.84,641.85,641.85,641.84,4.9399999999999995
2016-07-10 10:33:35,641.69,641.69,641.69,641.69,0.11
2016-07-10 10:33:40,641.77,641.77,641.77,641.77,6.285
2016-07-10 10:33:41,641.0,641.75,641.75,641.0,32.01
2016-07-10 10:33:43,641.69,641.69,641.69,641.69,0.134198
2016-07-10 10:34:01,641.74,641.74,641.74,641.74,7.423
2016-07-10 10:34:02,641.74,641.74,641.74,641.74,0.13074679
2016-07-10 10:34:12,641.74,641.74,641.74,641.74,0.09
2016-07-10 10:34:25,641.74,641.74,641.74,641.74,0.03
2016-07-10 10:35:22,641.74,641.74,641.74,641.74,0.05898863
2016-07-10 10:35:41,641.74,641.74,641.74,641.74,7.156
2016-07-10 10:36:33,641.74,641.74,641.74,641.74,0.17965407
2016-07-10 10:36:34,641.74,641.74,641.74,641.74,0.35930814
2016-07-10 10:36:35,641.74,641.74,641.74,641.74,0.35930814
2016-07-10 10:36:54,641.75,641.75,641.75,641.75,2.62967
2016-07-10 10:36:58,641.74,641.74,641.74,641.74,3.24480973
2016-07-10 10:37:52,641.69,641.69,641.69,641.69,0.84297
2016-07-10 10:38:11,641.69,641.69,641.69,641.69,0.19
2016-07-10 10:38:24,641.69,641.69,641.69,641.69,0.135235
2016-07-10 10:38:30,641.69,641.69,641.69,641.69,0.127635
2016-07-10 10:38:59,641.69,641.69,641.69,641.69,0.4899
2016-07-10 10:39:47,641.79,641.79,641.79,641.79,0.15929
2016-07-10 10:41:04,641.78,641.78,641.78,641.78,0.0154
2016-07-10 10:41:13,641.79,641.79,641.79,641.79,0.01554256
2016-07-10 10:41:26,641.79,641.79,641.79,641.79,2.1159600000000003
2016-07-10 10:41:31,641.79,641.79,641.79,641.79,0.63878
2016-07-10 10:42:27,641.79,641.79,641.79,641.79,9.732
2016-07-10 10:43:26,641.79,641.79,641.79,641.79,8.118
2016-07-10 10:43:38,641.79,641.88,641.79,641.88,0.09999999999999999
2016-07-10 10:43:48,641.88,641.88,641.88,641.88,0.039999999999999994
2016-07-10 10:43:59,641.87,641.87,641.87,641.87,16.34945
2016-07-10 10:44:23,641.88,641.97,641.88,641.97,0.1
2016-07-10 10:44:28,641.97,642.0,641.97,642.0,4.84819979
2016-07-10 10:44:31,642.0,642.0,642.0,642.0,0.1
2016-07-10 10:44:35,642.0,642.0,642.0,642.0,0.2
2016-07-10 10:48:32,642.0,642.0,642.0,642.0,0.5
2016-07-10 10:49:02,642.05,642.05,642.05,642.05,0.04473
2016-07-10 10:49:03,642.05,642.05,642.05,642.05,0.05527
2016-07-10 10:49:33,642.05,642.14,642.05,642.14,0.09999999999999999
2016-07-10 10:50:01,642.13,642.13,642.13,642.13,3.74500764
2016-07-10 10:50:17,642.14,642.14,642.14,642.14,0.152377
2016-07-10 10:50:52,642.14,642.18,642.14,642.18,0.09999999999999999
2016-07-10 10:51:22,642.2,642.2,642.2,642.2,0.1
2016-07-10 10:54:06,642.2,642.2,642.2,642.2,0.28
2016-07-10 10:57:31,642.19,642.19,642.19,642.19,0.015
2016-07-10 10:57:37,642.2,642.2,642.2,642.2,0.03
2016-07-10 10:57:44,642.2,642.2,642.2,642.2,0.01397937
2016-07-10 10:58:11,642.2,642.2,642.2,642.2,0.12864
2016-07-10 10:58:26,642.2,642.3,642.2,642.3,1.6803299999999999
2016-07-10 10:58:44,642.3,642.3,642.3,642.3,0.11005063
2016-07-10 10:58:58,642.4,642.6,642.4,642.6,3.01017
2016-07-10 10:59:11,642.59,642.59,642.59,642.59,2.178e-05
2016-07-10 10:59:19,642.59,642.59,642.59,642.59,2.282e-05
2016-07-10 10:59:29,642.6,642.7,642.6,642.7,1.5516400000000001
2016-07-10 10:59:38,642.69,642.69,642.69,642.69,0.0146
2016-07-10 10:59:43,642.7,642.7,642.7,642.7,0.0139685
2016-07-10 11:00:13,642.7,642.7,642.7,642.7,0.25
2016-07-10 11:00:17,642.7,642.7,642.7,642.7,0.7742215
2016-07-10 11:00:57,642.75,642.8,642.75,642.8,0.73841807
2016-07-10 11:01:36,642.8,642.8,642.8,642.8,0.00061635
2016-07-10 11:01:40,642.8,642.8,642.8,642.8,0.1
2016-07-10 11:01:49,642.79,642.79,642.79,642.79,0.014
2016-07-10 11:01:59,642.79,642.79,642.79,642.79,0.00064154
2016-07-10 11:02:05,642.8,642.8,642.8,642.8,0.01396632
2016-07-10 11:02:46,642.8,642.8,642.8,642.8,0.51899926
2016-07-10 11:14:20,644.25,644.25,644.25,644.25,0.01
2016-07-10 11:14:27,644.25,644.48,644.25,644.48,0.060000000000000005
2016-07-10 11:22:27,645.17,645.69,645.17,645.69,4.551010000000001
2016-07-10 11:22:57,645.55,645.55,645.55,645.55,4.75542
2016-07-10 11:24:28,645.25,645.26,645.26,645.25,4.6264400000000006
2016-07-10 11:25:24,645.49,645.5,645.49,645.5,0.38483
2016-07-10 11:26:26,645.49,645.5,645.49,645.5,1.67812
2016-07-10 11:26:54,645.5,645.7,645.5,645.7,2.93668
2016-07-10 11:28:59,645.7,645.7,645.7,645.7,2.00142
2016-07-10 11:29:25,645.75,645.75,645.75,645.75,0.016
2016-07-10 11:33:01,645.8,646.1,645.8,646.1,7.75688
2016-07-10 11:34:33,646.15,646.2,646.15,646.2,0.04
2016-07-10 11:34:54,646.2,646.25,646.2,646.25,2.9750199999999998
2016-07-10 11:35:13,646.25,646.25,646.25,646.25,0.04
2016-07-10 11:35:53,646.25,646.25,646.25,646.25,0.12707882
2016-07-10 11:36:24,646.25,646.46,646.25,646.46,4.28703272
2016-07-10 11:36:37,646.5,647.03,646.5,647.03,3.04947749
2016-07-10 11:36:58,646.65,646.65,646.65,646.65,0.59756
2016-07-10 11:42:26,646.65,646.83,646.65,646.83,1.7700900000000002
2016-07-10 11:42:32,646.83,646.83,646.83,646.83,0.0678
2016-07-10 11:43:57,646.83,647.39,646.83,647.39,7.33701
2016-07-10 11:50:50,647.03,647.2,647.03,647.2,19.51876
2016-07-10 11:51:19,647.13,647.13,647.13,647.13,0.08005063
2016-07-10 11:53:46,647.21,647.21,647.21,647.21,0.29
2016-07-10 11:53:53,647.21,647.21,647.21,647.21,0.030000000000000002
2016-07-10 11:54:05,647.21,647.21,647.21,647.21,0.01
2016-07-10 11:55:22,647.2,647.21,647.21,647.2,1.2932207599999999
2016-07-10 11:56:51,647.22,647.29,647.22,647.29,1.5762099999999999
2016-07-10 11:57:26,647.29,647.38,647.29,647.38,3.81893
2016-07-10 11:58:00,647.34,647.34,647.34,647.34,1.06522
2016-07-10 11:58:58,647.02,647.34,647.34,647.02,6.795119999999999
2016-07-10 11:59:57,647.02,647.27,647.27,647.02,15.4269
2016-07-10 12:04:48,647.49,647.49,647.49,647.49,0.02
2016-07-10 12:05:43,647.5,647.53,647.5,647.53,0.10999999999999999
2016-07-10 12:06:12,647.75,648.0,647.75,648.0,0.30000000000000004
2016-07-10 12:06:28,648.0,648.0,648.0,648.0,0.3
2016-07-10 12:06:34,648.0,648.0,648.0,648.0,0.6
2016-07-10 12:06:40,648.0,648.0,648.0,648.0,1.86
2016-07-10 12:06:43,648.04,648.04,648.04,648.04,0.01
2016-07-10 12:06:46,648.17,648.2,648.17,648.2,6.425
2016-07-10 12:06:50,648.2,648.2,648.2,648.2,5.295
2016-07-10 12:06:54,648.25,648.25,648.25,648.25,0.30000000000000004
2016-07-10 12:06:56,648.25,648.25,648.25,648.25,0.575
2016-07-10 12:06:59,648.33,649.64,648.33,649.64,1.10133016
2016-07-10 12:07:02,649.02,649.02,649.02,649.02,0.0202
2016-07-10 12:07:07,649.58,649.58,649.58,649.58,0.02017
2016-07-10 12:07:10,649.64,649.64,649.64,649.64,0.01264837
2016-07-10 12:07:13,649.7,649.92,649.7,649.92,0.5262000000000002
2016-07-10 12:07:17,649.93,649.95,649.93,649.95,0.06
2016-07-10 12:07:19,649.96,650.08,649.96,650.08,0.321
2016-07-10 12:07:21,650.09,650.99,650.09,650.99,5.214797739999973
2016-07-10 12:07:29,650.99,650.99,650.99,650.99,5.48026
2016-07-10 12:07:31,650.99,650.99,650.99,650.99,0.15
2016-07-10 12:07:55,650.99,650.99,650.99,650.99,0.30851
2016-07-10 12:07:56,650.99,650.99,650.99,650.99,0.03989
2016-07-10 12:08:01,650.98,650.98,650.98,650.98,0.01368732
2016-07-10 12:08:54,650.99,650.99,650.99,650.99,2.63099
2016-07-10 12:09:20,650.99,650.99,650.99,650.99,0.02
2016-07-10 12:10:48,650.99,650.99,650.99,650.99,10.0
2016-07-10 12:10:56,650.99,650.99,650.99,650.99,10.0
2016-07-10 12:11:14,650.99,651.01,650.99,651.01,5.0
2016-07-10 12:12:01,651.0,651.0,651.0,651.0,2.04885983
2016-07-10 12:14:43,651.01,651.01,651.01,651.01,0.01
2016-07-10 12:18:46,651.01,651.01,651.01,651.01,0.0115
2016-07-10 12:19:13,651.0,651.0,651.0,651.0,0.05
2016-07-10 12:19:23,651.01,651.01,651.01,651.01,0.37846
2016-07-10 12:20:32,651.0,651.0,651.0,651.0,0.1
2016-07-10 12:22:59,651.0,651.0,651.0,651.0,0.08922
2016-07-10 12:23:27,651.0,651.0,651.0,651.0,1.3358
2016-07-10 12:28:00,651.01,651.01,651.01,651.01,4.1424900000000004
2016-07-10 12:28:07,651.01,651.01,651.01,651.01,0.14538
2016-07-10 12:28:48,651.0,651.0,651.0,651.0,1.2422
2016-07-10 12:29:28,651.0,651.0,651.0,651.0,1.09612
2016-07-10 12:31:17,651.01,651.01,651.01,651.01,2.63541
2016-07-10 12:31:37,651.02,651.02,651.02,651.02,0.5340565
2016-07-10 12:36:15,651.01,651.01,651.01,651.01,1.12
2016-07-10 12:36:30,651.02,651.02,651.02,651.02,0.26847705
2016-07-10 12:36:39,651.02,651.02,651.02,651.02,0.5369541
2016-07-10 12:36:40,651.02,651.02,651.02,651.02,0.5369541
2016-07-10 12:36:44,651.01,651.01,651.01,651.01,1.3399999999999999
2016-07-10 12:36:47,651.01,651.01,651.01,651.01,0.77635628
2016-07-10 12:37:16,651.01,651.01,651.01,651.01,0.9193464600000001
2016-07-10 12:37:24,651.01,651.01,651.01,651.01,4.772069999999999
2016-07-10 12:37:58,651.01,651.01,651.01,651.01,8.29082
2016-07-10 12:38:27,651.01,651.01,651.01,651.01,3.43239
2016-07-10 12:38:55,651.0,651.0,651.0,651.0,5.61408
2016-07-10 12:40:51,651.02,651.02,651.02,651.02,0.01509
2016-07-10 12:41:54,651.02,651.02,651.02,651.02,0.12
2016-07-10 12:41:59,651.0,651.01,651.01,651.0,3.9661899999999997
2016-07-10 12:42:19,651.01,651.01,651.01,651.01,0.011
2016-07-10 12:43:43,651.0,651.0,651.0,651.0,0.1
2016-07-10 12:51:53,651.03,651.04,651.03,651.04,7.8582600000000005
2016-07-10 12:53:22,651.0,651.02,651.02,651.0,2.0287800000000002
2016-07-10 12:54:21,651.0,651.0,651.0,651.0,0.37048
2016-07-10 12:55:29,651.01,651.01,651.01,651.01,2.32237
2016-07-10 12:56:28,651.01,651.14,651.01,651.14,3.3092399999999995
2016-07-10 12:56:55,651.02,651.08,651.02,651.08,3.55994
2016-07-10 12:57:01,651.01,651.01,651.01,651.01,0.02214251
2016-07-10 12:58:19,651.04,651.04,651.04,651.04,0.02635
2016-07-10 12:59:23,651.0,651.04,651.04,651.0,13.999999999999998
2016-07-10 13:02:24,651.0,651.02,651.02,651.0,1.6685207599999998
2016-07-10 13:02:35,650.99,650.99,650.99,650.99,0.02
2016-07-10 13:07:30,650.72,650.79,650.79,650.72,0.32007209000000003
2016-07-10 13:07:43,650.73,650.73,650.73,650.73,0.01073032
2016-07-10 13:08:54,650.81,650.81,650.81,650.81,3.63913
2016-07-10 13:12:15,650.78,650.78,650.78,650.78,0.00034052
2016-07-10 13:13:02,650.5,650.77,650.77,650.5,1.59812786
2016-07-10 13:13:41,650.5,650.5,650.5,650.5,0.01686789
2016-07-10 13:13:52,650.2,650.49,650.49,650.2,1.8096594799999985
2016-07-10 13:14:12,650.41,650.41,650.41,650.41,0.04900482
2016-07-10 13:18:21,650.2,650.38,650.38,650.2,0.40895000000000004
2016-07-10 13:18:52,650.06,650.29,650.29,650.06,0.4678400000000001
2016-07-10 13:25:23,650.24,650.5,650.24,650.5,5.509810000000003
2016-07-10 13:25:53,650.24,650.4,650.24,650.4,2.5099299999999998
2016-07-10 13:26:29,650.32,650.32,650.32,650.32,2.59667
2016-07-10 13:38:25,650.22,650.77,650.22,650.77,7.7135400000000045
2016-07-10 13:42:27,650.79,650.94,650.79,650.94,0.8259500000000003
2016-07-10 13:48:09,650.88,650.88,650.88,650.88,0.2
2016-07-10 13:48:11,650.85,650.85,650.85,650.85,0.025
2016-07-10 13:48:14,650.76,650.82,650.82,650.76,0.42500000000000004
2016-07-10 13:48:17,650.63,650.73,650.73,650.63,0.1
2016-07-10 13:48:21,650.38,650.58,650.58,650.38,0.42685000000000006
2016-07-10 13:48:23,650.5,650.51,650.51,650.51,0.1
2016-07-10 13:48:26,650.33,650.45,650.45,650.33,0.07500000000000001
2016-07-10 13:48:31,650.2,650.28,650.28,650.2,2.18547705
2016-07-10 13:48:37,649.89,650.19,650.19,649.89,2.322477049999998
2016-07-10 13:48:41,649.7,649.88,649.88,649.7,2.052477049999999
2016-07-10 13:48:56,649.68,649.68,649.68,649.68,0.01074766
2016-07-10 13:49:06,649.57,649.67,649.67,649.57,0.125
2016-07-10 13:49:10,649.5,649.54,649.54,649.5,0.11500000000000002
2016-07-10 13:49:16,649.33,649.48,649.48,649.33,1.8874770499999998
2016-07-10 13:49:23,649.16,649.3,649.3,649.16,0.18847704999999998
2016-07-10 13:49:24,648.78,649.13,649.13,648.78,2.09012608
2016-07-10 13:49:37,648.22,648.82,648.82,648.22,0.26079412
2016-07-10 13:50:00,647.93,648.0,648.0,647.93,0.08047705000000001
2016-07-10 13:50:06,646.67,647.85,647.85,646.67,1.0000000000000002
2016-07-10 13:50:08,647.78,647.78,647.78,647.78,0.09125
2016-07-10 13:50:21,646.82,646.84,646.82,646.84,0.08700000000000001
2016-07-10 13:50:23,646.68,646.68,646.68,646.68,0.011
2016-07-10 13:50:57,646.68,646.94,646.68,646.94,6.58959
2016-07-10 13:58:27,647.22,647.22,647.22,647.22,0.01387094
2016-07-10 13:58:38,647.22,647.22,647.22,647.22,0.01
2016-07-10 13:58:41,647.22,647.22,647.22,647.22,0.01
2016-07-10 13:58:43,647.22,647.22,647.22,647.22,0.01
2016-07-10 13:58:45,647.22,647.22,647.22,647.22,0.01
2016-07-10 13:58:47,647.22,647.22,647.22,647.22,0.01
2016-07-10 13:58:48,647.09,647.21,647.21,647.09,0.30000000000000004
2016-07-10 13:58:49,647.13,647.13,647.13,647.13,0.01
2016-07-10 13:58:51,647.1,647.1,647.1,647.1,0.3
2016-07-10 13:58:54,646.93,647.09,647.09,646.93,0.30000000000000004
2016-07-10 13:59:03,646.88,646.93,646.93,646.88,0.1
2016-07-10 13:59:07,646.88,646.88,646.88,646.88,0.1
2016-07-10 13:59:10,646.77,646.87,646.87,646.77,0.1
2016-07-10 13:59:13,646.67,646.75,646.75,646.67,0.36835163000000004
2016-07-10 13:59:43,647.13,647.13,647.13,647.13,0.024
2016-07-10 14:00:03,647.14,647.23,647.14,647.23,0.30000000000000004
2016-07-10 14:00:07,647.23,647.23,647.23,647.23,0.2
2016-07-10 14:00:09,647.24,647.25,647.24,647.25,0.23065832
2016-07-10 14:00:36,647.25,647.25,647.25,647.25,0.09999999999999999
2016-07-10 14:03:00,647.25,647.25,647.25,647.25,0.3
2016-07-10 14:03:16,647.25,647.25,647.25,647.25,0.3
2016-07-10 14:03:23,647.25,649.0,647.25,649.0,17.028999999999996
2016-07-10 14:04:00,648.99,648.99,648.99,648.99,0.0255
2016-07-10 14:04:07,649.0,649.1,649.0,649.1,3.05829336
2016-07-10 14:04:09,649.0,649.0,649.0,649.0,0.01536989
2016-07-10 14:05:56,649.12,649.12,649.12,649.12,0.01
2016-07-10 14:05:58,649.14,649.14,649.14,649.14,0.01
2016-07-10 14:09:26,649.22,649.27,649.22,649.27,0.20000000000000004
2016-07-10 14:09:34,649.27,649.3,649.27,649.3,0.1
2016-07-10 14:09:58,649.33,649.78,649.33,649.78,1.8730400000000005
2016-07-10 14:10:17,649.44,649.44,649.44,649.44,0.1
2016-07-10 14:10:29,649.57,649.57,649.57,649.57,1.85434
2016-07-10 14:10:57,649.53,649.53,649.53,649.53,0.2012
2016-07-10 14:14:32,649.54,649.54,649.54,649.54,0.01
2016-07-10 14:19:01,649.12,649.22,649.22,649.12,0.1
2016-07-10 14:19:21,649.11,649.12,649.12,649.11,0.01
2016-07-10 14:19:56,649.04,649.11,649.11,649.04,0.025
2016-07-10 14:20:02,649.02,649.04,649.04,649.02,0.01
2016-07-10 14:24:26,649.03,649.03,649.03,649.03,0.01
2016-07-10 14:24:28,649.03,649.03,649.03,649.03,0.01
2016-07-10 14:24:32,649.04,649.04,649.04,649.04,0.01
2016-07-10 14:24:35,649.05,649.05,649.05,649.05,0.01
2016-07-10 14:26:25,649.06,649.5,649.06,649.5,9.759629999999996
2016-07-10 14:26:31,649.25,649.25,649.25,649.25,0.06999999999999999
2016-07-10 14:28:19,649.1,649.1,649.1,649.1,0.00011805
2016-07-10 14:29:11,649.09,649.09,649.09,649.09,3.0
2016-07-10 14:32:20,649.09,649.31,649.09,649.31,12.96872
2016-07-10 14:35:32,649.0,649.09,649.09,649.0,0.07628934999999999
2016-07-10 14:36:24,649.1,649.1,649.1,649.1,2.30884
2016-07-10 14:44:56,649.0,649.28,649.28,649.0,1.0315511800000001
2016-07-10 14:47:05,648.99,648.99,648.99,648.99,0.01
2016-07-10 14:47:07,648.99,648.99,648.99,648.99,0.01
2016-07-10 14:47:08,648.99,648.99,648.99,648.99,0.01
2016-07-10 14:47:10,648.99,648.99,648.99,648.99,0.01
2016-07-10 14:56:27,648.99,648.99,648.99,648.99,0.00751599
2016-07-10 14:59:28,648.98,648.98,648.98,648.98,2.0
2016-07-10 15:00:54,648.98,648.98,648.98,648.98,0.38443939
2016-07-10 15:01:47,648.98,648.98,648.98,648.98,1.8828705100000003
2016-07-10 15:03:50,648.99,649.0,648.99,649.0,7.001609999999998
2016-07-10 15:08:57,648.97,648.99,648.99,648.97,15.47465
2016-07-10 15:15:16,649.47,649.47,649.47,649.47,0.66108126
2016-07-10 15:16:20,649.5,649.5,649.5,649.5,0.01462
2016-07-10 15:19:00,648.99,649.49,649.49,648.99,31.65508999999998
2016-07-10 15:19:30,649.41,649.41,649.41,649.41,0.03
2016-07-10 15:20:51,649.41,649.47,649.41,649.47,0.1
2016-07-10 15:21:15,649.47,649.53,649.47,649.53,0.1
2016-07-10 15:23:58,649.5,650.25,649.5,650.25,18.910939999999993
2016-07-10 15:27:59,650.22,650.58,650.22,650.58,9.461649999999997
2016-07-10 15:28:52,650.58,650.61,650.58,650.61,2.74506
2016-07-10 15:31:56,650.57,650.57,650.57,650.57,3.96529
2016-07-10 15:33:38,650.61,650.63,650.61,650.63,0.1
2016-07-10 15:37:54,650.63,650.63,650.63,650.63,3.7621800000000003
2016-07-10 15:54:52,651.99,651.99,651.99,651.99,4.52467
2016-07-10 15:55:52,651.99,651.99,651.99,651.99,13.59788
2016-07-10 16:04:40,651.98,651.98,651.98,651.98,0.03422
2016-07-10 16:05:24,651.99,651.99,651.99,651.99,6.52353
2016-07-10 16:05:59,651.99,651.99,651.99,651.99,6.34341
2016-07-10 16:09:55,651.92,651.92,651.92,651.92,5.63453
2016-07-10 16:18:23,651.92,651.92,651.92,651.92,3.50724
2016-07-10 16:19:00,651.92,651.92,651.92,651.92,4.19197
2016-07-10 16:19:23,651.92,651.92,651.92,651.92,0.98471
2016-07-10 16:19:47,651.85,651.91,651.91,651.85,3.36652
2016-07-10 16:27:22,651.83,651.83,651.83,651.83,3.43446
2016-07-10 16:28:59,651.87,651.87,651.87,651.87,0.16741
2016-07-10 16:33:54,651.87,651.99,651.87,651.99,6.646610000000001
2016-07-10 16:39:24,651.98,651.98,651.98,651.98,0.526
2016-07-10 16:44:53,651.91,651.97,651.97,651.91,0.49999999999999994
2016-07-10 16:44:56,651.96,651.96,651.96,651.96,0.01076843
2016-07-10 16:45:29,651.92,651.92,651.92,651.92,0.03051055
2016-07-10 16:46:16,651.91,651.92,651.92,651.91,1.0
2016-07-10 16:47:02,651.92,651.94,651.92,651.94,0.060000000000000005
2016-07-10 16:48:18,651.94,651.94,651.94,651.94,0.08
2016-07-10 16:50:11,651.93,651.93,651.93,651.93,0.03748
2016-07-10 16:50:16,651.93,651.93,651.93,651.93,0.06
2016-07-10 16:50:35,651.93,651.93,651.93,651.93,0.08
2016-07-10 16:50:53,651.92,651.92,651.92,651.92,0.30000000000000004
2016-07-10 16:52:54,651.92,651.92,651.92,651.92,0.07017975
2016-07-10 16:53:11,651.92,651.92,651.92,651.92,0.12074025
2016-07-10 16:54:10,651.75,651.92,651.92,651.75,3.309999999999998
2016-07-10 16:58:24,651.82,651.94,651.82,651.94,13.124920000000005
2016-07-10 16:59:24,651.81,651.81,651.81,651.81,0.64658
2016-07-10 17:00:56,651.81,651.81,651.81,651.81,1.86564
2016-07-10 17:01:53,651.81,651.81,651.81,651.81,2.7164
2016-07-10 17:03:51,651.82,651.82,651.82,651.82,0.01
2016-07-10 17:03:58,651.81,651.81,651.81,651.81,0.018258
2016-07-10 17:06:23,651.82,651.94,651.82,651.94,1.2211099999999993
2016-07-10 17:11:27,651.95,651.99,651.95,651.99,2.2857199999999995
2016-07-10 17:13:51,651.99,651.99,651.99,651.99,4.30184
2016-07-10 17:17:52,651.99,651.99,651.99,651.99,5.01553
2016-07-10 17:24:23,651.99,651.99,651.99,651.99,10.37312
2016-07-10 17:25:05,651.99,651.99,651.99,651.99,0.36204
2016-07-10 17:25:21,651.99,651.99,651.99,651.99,5.24492
2016-07-10 17:28:30,651.99,651.99,651.99,651.99,2.16103
2016-07-10 17:29:28,651.99,651.99,651.99,651.99,0.02737
2016-07-10 17:29:53,651.99,651.99,651.99,651.99,0.09856
2016-07-10 17:36:29,652.49,652.51,652.49,652.51,2.04262
2016-07-10 17:37:59,652.5,652.5,652.5,652.5,0.46588
2016-07-10 17:38:23,652.5,652.5,652.5,652.5,0.81483
2016-07-10 17:38:53,652.51,652.51,652.51,652.51,0.1176
2016-07-10 17:43:55,652.41,652.54,652.54,652.41,7.20291
2016-07-10 17:45:14,652.34,652.4,652.4,652.34,0.1
2016-07-10 17:48:22,652.03,652.32,652.32,652.03,0.53411
2016-07-10 17:48:53,652.14,652.19,652.19,652.14,0.058480000000000004
2016-07-10 17:49:26,651.98,652.14,652.14,651.98,0.38844000000000006
2016-07-10 17:54:15,651.99,651.99,651.99,651.99,0.026639999999999997
2016-07-10 17:56:56,651.99,652.1,651.99,652.1,4.87004
2016-07-10 18:02:00,652.08,652.08,652.08,652.08,1.64121
2016-07-10 18:02:53,652.07,652.07,652.07,652.07,0.12079999999999999
2016-07-10 18:03:24,652.07,652.07,652.07,652.07,1.23376
2016-07-10 18:05:40,652.07,652.07,652.07,652.07,0.02
2016-07-10 18:09:22,651.98,652.07,652.07,651.98,0.8040200000000002
2016-07-10 18:09:31,652.05,652.05,652.05,652.05,0.014
2016-07-10 18:10:44,652.04,652.04,652.04,652.04,0.03
2016-07-10 18:10:51,652.04,652.04,652.04,652.04,0.11
2016-07-10 18:10:52,652.04,652.04,652.04,652.04,0.03
2016-07-10 18:21:27,651.55,651.55,651.55,651.55,0.5
2016-07-10 18:22:28,651.55,651.55,651.55,651.55,0.01
2016-07-10 18:24:55,651.54,651.54,651.54,651.54,10.75903
2016-07-10 18:25:10,651.55,651.55,651.55,651.55,0.00114353
2016-07-10 18:27:22,651.55,651.55,651.55,651.55,0.14376
2016-07-10 18:29:55,651.46,651.54,651.54,651.46,1.47531
2016-07-10 18:33:06,651.47,651.47,651.47,651.47,0.00011625
2016-07-10 18:46:06,651.47,651.47,651.47,651.47,0.13
2016-07-10 18:48:51,651.47,651.47,651.47,651.47,4.47438
2016-07-10 18:51:57,651.46,651.46,651.46,651.46,0.12267
2016-07-10 18:56:00,651.46,651.46,651.46,651.46,4.66271
2016-07-10 18:56:23,651.46,651.46,651.46,651.46,4.31766
2016-07-10 19:00:25,651.47,651.47,651.47,651.47,0.02
2016-07-10 19:04:55,651.47,651.47,651.47,651.47,8.16948
2016-07-10 19:05:30,651.47,651.47,651.47,651.47,0.39971999999999996
2016-07-10 19:10:24,651.47,651.47,651.47,651.47,0.04
2016-07-10 19:10:32,651.47,651.47,651.47,651.47,0.02
2016-07-10 19:10:34,651.47,651.47,651.47,651.47,0.01
2016-07-10 19:11:28,651.47,651.47,651.47,651.47,2.6711
2016-07-10 19:15:25,651.71,651.71,651.71,651.71,2.9709
2016-07-10 19:15:35,651.72,651.72,651.72,651.72,0.00472766
2016-07-10 19:16:45,651.72,651.73,651.72,651.73,0.01936
2016-07-10 19:16:53,651.73,651.73,651.73,651.73,0.18999999999999997
2016-07-10 19:20:00,651.74,651.74,651.74,651.74,0.28191
2016-07-10 19:20:57,651.74,651.76,651.74,651.76,1.2402899999999992
2016-07-10 19:21:25,651.72,651.75,651.75,651.72,5.10759
2016-07-10 19:21:41,651.75,651.75,651.75,651.75,0.00307892
2016-07-10 19:23:21,651.76,651.76,651.76,651.76,0.1
2016-07-10 19:24:28,651.76,652.5,651.76,652.5,14.416700000000004
2016-07-10 19:25:27,652.31,652.31,652.31,652.31,0.02954
2016-07-10 19:28:22,652.31,652.73,652.31,652.73,3.1718999999999995
2016-07-10 19:28:50,652.73,652.73,652.73,652.73,3.17201
2016-07-10 19:29:29,652.6,652.6,652.6,652.6,0.3898
2016-07-10 19:29:58,652.54,652.61,652.61,652.54,2.29245
2016-07-10 19:30:26,652.59,652.6,652.6,652.59,0.9205300000000001
2016-07-10 19:31:52,652.5,652.62,652.5,652.62,6.005059999999999
2016-07-10 19:36:28,652.46,652.48,652.48,652.46,0.17569861
2016-07-10 19:36:29,652.46,652.47,652.47,652.46,0.17569861
2016-07-10 19:36:30,652.41,652.42,652.42,652.41,0.17569861
2016-07-10 19:36:31,652.41,652.42,652.42,652.41,0.17569860999999998
2016-07-10 19:37:21,652.5,652.69,652.5,652.69,3.63109
2016-07-10 19:37:29,652.45,652.46,652.46,652.45,0.07
2016-07-10 19:38:30,652.43,652.44,652.44,652.43,0.06520668
2016-07-10 19:39:08,652.44,652.44,652.44,652.44,0.04
2016-07-10 19:39:12,652.44,652.44,652.44,652.44,0.02
2016-07-10 19:39:14,652.44,652.44,652.44,652.44,0.01
2016-07-10 19:40:25,652.44,652.44,652.44,652.44,2.65834
2016-07-10 19:42:50,652.44,652.44,652.44,652.44,0.01218569
2016-07-10 19:48:59,652.44,652.44,652.44,652.44,0.03
2016-07-10 19:51:09,652.44,652.44,652.44,652.44,0.18
2016-07-10 20:03:14,652.43,652.43,652.43,652.43,0.04
2016-07-10 20:03:48,652.44,652.44,652.44,652.44,0.04
2016-07-10 20:03:53,652.44,652.44,652.44,652.44,0.02
2016-07-10 20:06:19,652.44,652.44,652.44,652.44,19.19737
2016-07-10 20:11:50,652.44,652.44,652.44,652.44,0.26195
2016-07-10 20:12:32,652.43,652.43,652.43,652.43,0.73841807
2016-07-10 20:13:28,652.44,652.44,652.44,652.44,4.1092
2016-07-10 20:27:42,652.0,652.0,652.0,652.0,0.11137586
2016-07-10 20:27:50,652.0,652.0,652.0,652.0,0.14
2016-07-10 20:28:16,651.99,651.99,651.99,651.99,0.05
2016-07-10 20:28:48,652.0,652.0,652.0,652.0,1.3168299999999995
2016-07-10 20:28:56,652.01,652.01,652.01,652.01,0.08
2016-07-10 20:29:42,652.01,652.01,652.01,652.01,0.04
2016-07-10 20:29:46,652.01,652.01,652.01,652.01,0.02
2016-07-10 20:29:48,652.01,652.01,652.01,652.01,0.01
2016-07-10 20:34:55,652.14,652.14,652.14,652.14,0.060000000000000005
2016-07-10 20:43:07,652.39,652.39,652.39,652.39,0.07
2016-07-10 20:43:33,652.15,652.39,652.39,652.15,3.309899999999999
2016-07-10 20:43:51,651.96,652.15,652.15,651.96,4.093839999999999
2016-07-10 20:47:58,651.96,651.96,651.96,651.96,4.86161
2016-07-10 20:48:26,651.96,651.96,651.96,651.96,0.04
2016-07-10 20:48:52,651.95,651.95,651.95,651.95,0.39645
2016-07-10 20:49:55,651.95,651.95,651.95,651.95,4.88421
2016-07-10 20:53:27,651.95,651.95,651.95,651.95,4.5405
2016-07-10 20:55:07,651.96,651.96,651.96,651.96,2.2950171
2016-07-10 21:00:32,651.98,651.98,651.98,651.98,0.28005674
2016-07-10 21:03:55,651.98,652.8,651.98,652.8,14.517440000000011
2016-07-10 21:06:23,652.68,652.75,652.68,652.75,0.27161
2016-07-10 21:13:27,652.8,652.8,652.8,652.8,6.464
2016-07-10 21:13:34,652.8,652.8,652.8,652.8,5.86311864
2016-07-10 21:13:39,652.8,652.8,652.8,652.8,5.312
2016-07-10 21:13:46,652.8,652.8,652.8,652.8,3.45737852
2016-07-10 21:13:49,652.81,652.81,652.81,652.81,0.025
2016-07-10 21:13:51,652.82,652.93,652.82,652.93,3.443315789999999
2016-07-10 21:13:55,652.94,652.99,652.94,652.99,5.496999999999999
2016-07-10 21:13:59,652.99,652.99,652.99,652.99,5.576
2016-07-10 21:14:01,652.99,652.99,652.99,652.99,6.518
2016-07-10 21:14:03,652.99,652.99,652.99,652.99,8.051
2016-07-10 21:14:05,652.99,652.99,652.99,652.99,6.654
2016-07-10 21:14:08,652.99,652.99,652.99,652.99,7.326
2016-07-10 21:14:10,652.99,652.99,652.99,652.99,7.116
2016-07-10 21:14:12,652.99,652.99,652.99,652.99,15.0
2016-07-10 21:14:13,652.99,652.99,652.99,652.99,6.717
2016-07-10 21:14:15,652.99,652.99,652.99,652.99,2.63551916
2016-07-10 21:14:18,653.0,653.0,653.0,653.0,6.547000000000001
2016-07-10 21:14:20,653.0,653.0,653.0,653.0,0.9949
2016-07-10 21:14:23,653.09,653.1,653.09,653.1,2.1550000000000002
2016-07-10 21:14:25,653.19,653.3,653.19,653.3,4.487499999999998
2016-07-10 21:14:29,653.4,655.25,653.4,655.25,18.200793819999994
2016-07-10 21:14:32,655.25,655.25,655.25,655.25,0.96958643
2016-07-10 21:14:36,655.25,655.25,655.25,655.25,0.56652262
2016-07-10 21:18:01,657.86,657.86,657.86,657.86,0.02001658
2016-07-10 21:18:39,657.85,657.85,657.85,657.85,0.24328
2016-07-10 21:18:56,657.84,657.84,657.84,657.84,1.0
2016-07-10 21:20:08,657.84,657.84,657.84,657.84,0.26535873
2016-07-10 21:20:09,657.61,657.83,657.83,657.61,7.999999999999999
2016-07-10 21:20:12,657.62,657.62,657.62,657.62,0.417
2016-07-10 21:20:13,657.6,657.6,657.6,657.6,0.41
2016-07-10 21:20:14,657.58,657.58,657.58,657.58,0.43
2016-07-10 21:20:22,657.58,657.58,657.58,657.58,0.41
2016-07-10 21:20:34,657.58,657.58,657.58,657.58,0.41
2016-07-10 21:20:38,657.57,657.57,657.57,657.57,0.14200000000000002
2016-07-10 21:20:44,657.4,657.41,657.41,657.4,5.8
2016-07-10 21:24:28,657.38,657.38,657.38,657.38,16.62339
2016-07-10 21:24:41,656.99,657.37,657.37,656.99,0.5000000000000001
2016-07-10 21:24:50,656.98,656.98,656.98,656.98,0.04583809
2016-07-10 21:25:05,656.72,656.97,656.97,656.72,0.24829962999999997
2016-07-10 21:29:20,656.91,656.91,656.91,656.91,1.0
2016-07-10 21:29:48,656.92,657.38,656.92,657.38,13.422880000000001
2016-07-10 21:34:08,657.37,657.37,657.37,657.37,0.02
2016-07-10 21:35:57,657.36,657.36,657.36,657.36,2.0
2016-07-10 21:36:00,657.37,657.59,657.37,657.59,0.44412554000000004
2016-07-10 21:36:09,657.64,657.67,657.64,657.67,0.08204
2016-07-10 21:36:32,657.67,657.7,657.67,657.7,0.47086
2016-07-10 21:36:33,657.84,657.88,657.84,657.88,2.66635964
2016-07-10 21:36:34,657.86,657.88,657.86,657.88,1.3331798199999998
2016-07-10 21:36:44,657.86,658.0,657.86,658.0,8.0
2016-07-10 21:36:59,657.99,657.99,657.99,657.99,0.112
2016-07-10 21:37:06,658.0,658.0,658.0,658.0,8.0
2016-07-10 21:37:10,657.95,657.95,657.95,657.95,0.02
2016-07-10 21:37:18,657.9,657.99,657.99,657.9,2.48037376
2016-07-10 21:37:19,658.0,658.0,658.0,658.0,0.3
2016-07-10 21:37:43,657.98,658.0,657.98,658.0,25.000000000000004
2016-07-10 21:37:46,658.0,658.0,658.0,658.0,1.15
2016-07-10 21:38:06,658.0,658.16,658.0,658.16,3.929770349999999
2016-07-10 21:48:00,659.11,659.18,659.18,659.11,0.11
2016-07-10 21:48:14,659.14,659.14,659.14,659.14,0.088
2016-07-10 21:50:34,659.11,659.11,659.11,659.11,0.02
2016-07-10 21:50:39,659.11,659.11,659.11,659.11,0.01
2016-07-10 21:53:01,659.11,659.11,659.11,659.11,0.0012864
2016-07-10 21:53:32,659.11,660.25,659.11,660.25,8.0
2016-07-10 21:53:58,659.99,659.99,659.99,659.99,3.40728077
2016-07-10 21:57:02,661.23,661.23,661.23,661.23,0.09760372
2016-07-10 21:57:37,661.23,661.23,661.23,661.23,0.01
2016-07-10 21:57:39,661.24,661.24,661.24,661.24,0.00301707
2016-07-10 21:58:04,661.23,661.23,661.23,661.23,0.05
2016-07-10 21:58:30,661.23,661.23,661.23,661.23,3.1999
2016-07-10 21:58:33,661.23,661.23,661.23,661.23,0.4
2016-07-10 22:01:22,661.23,661.23,661.23,661.23,0.2
2016-07-10 22:01:28,661.23,661.23,661.23,661.23,0.1
2016-07-10 22:01:34,661.24,661.24,661.24,661.24,0.01688
2016-07-10 22:01:45,661.23,661.23,661.23,661.23,0.30000000000000004
2016-07-10 22:02:45,661.0,661.23,661.23,661.0,12.153331710000002
2016-07-10 22:02:57,660.95,660.99,660.99,660.95,0.04233406
2016-07-10 22:02:59,660.96,660.96,660.96,660.96,5.152999639999999
2016-07-10 22:04:58,660.91,660.95,660.95,660.91,1.0
2016-07-10 22:05:49,660.92,660.92,660.92,660.92,0.1646
2016-07-10 22:06:36,660.6,660.91,660.91,660.6,2.4036904799999994
2016-07-10 22:06:43,660.67,660.67,660.67,660.67,1.33114969
2016-07-10 22:06:44,660.67,660.67,660.67,660.67,0.039
2016-07-10 22:06:49,660.62,660.62,660.62,660.62,0.02061592
2016-07-10 22:06:51,660.62,660.62,660.62,660.62,0.78142528
2016-07-10 22:06:57,660.62,660.62,660.62,660.62,0.09912124
2016-07-10 22:06:59,660.62,660.62,660.62,660.62,0.16303009000000002
2016-07-10 22:07:06,660.98,661.0,660.98,661.0,0.39752883
2016-07-10 22:07:08,661.0,661.0,661.0,661.0,0.24494361999999997
2016-07-10 22:07:13,661.0,661.0,661.0,661.0,0.07574984
2016-07-10 22:07:19,661.0,661.0,661.0,661.0,0.17978341
2016-07-10 22:07:52,661.0,661.0,661.0,661.0,0.12194
2016-07-10 22:07:56,661.0,661.0,661.0,661.0,0.1548
2016-07-10 22:08:24,660.99,660.99,660.99,660.99,3.0
2016-07-10 22:12:00,663.46,663.72,663.46,663.72,5.291823679999999
2016-07-10 22:12:02,663.34,663.36,663.36,663.35,0.12265827
2016-07-10 22:12:03,663.35,663.35,663.35,663.35,0.01432603
2016-07-10 22:12:04,663.36,663.36,663.36,663.36,0.17841917
2016-07-10 22:13:02,663.18,663.18,663.18,663.18,0.10323001
2016-07-10 22:13:03,663.18,663.18,663.18,663.18,0.01748574
2016-07-10 22:14:01,663.19,663.19,663.19,663.19,0.02913
2016-07-10 22:15:20,663.18,663.18,663.18,663.18,0.5
2016-07-10 22:16:00,663.18,663.18,663.18,663.18,0.15
2016-07-10 22:16:47,663.19,663.19,663.19,663.19,0.01731873
2016-07-10 22:17:27,663.19,663.19,663.19,663.19,5.21468
2016-07-10 22:18:30,663.18,663.18,663.18,663.18,0.5
2016-07-10 22:18:59,663.19,663.19,663.19,663.19,0.02660607
2016-07-10 22:19:01,663.01,663.19,663.19,663.01,0.41984964999999996
2016-07-10 22:19:03,663.18,663.18,663.18,663.18,0.02109561
2016-07-10 22:19:04,663.0,663.01,663.01,663.0,0.07400000000000001
2016-07-10 22:19:05,663.1,663.1,663.1,663.1,0.04981253
2016-07-10 22:19:07,663.07,663.07,663.07,663.07,0.04562596
2016-07-10 22:19:09,663.05,663.05,663.05,663.05,0.16914829
2016-07-10 22:19:11,663.05,663.05,663.05,663.05,0.05975861
2016-07-10 22:19:13,663.03,663.03,663.03,663.03,0.03924369
2016-07-10 22:19:15,663.03,663.03,663.03,663.03,0.05854688
2016-07-10 22:19:17,663.03,663.03,663.03,663.03,0.02096529
2016-07-10 22:19:19,663.03,663.03,663.03,663.03,0.02362648
2016-07-10 22:19:21,663.03,663.03,663.03,663.03,0.046779
2016-07-10 22:19:23,663.03,663.03,663.03,663.03,0.02074493
2016-07-10 22:19:25,663.03,663.03,663.03,663.03,0.06416598
2016-07-10 22:19:27,663.03,663.03,663.03,663.03,0.16026099
2016-07-10 22:19:29,663.03,663.03,663.03,663.03,0.22434439
2016-07-10 22:19:31,663.03,663.03,663.03,663.03,0.11723774
2016-07-10 22:19:33,663.03,663.03,663.03,663.03,0.05815805
2016-07-10 22:19:35,663.03,663.11,663.03,663.11,0.74289808
2016-07-10 22:19:37,663.12,663.12,663.12,663.12,0.02361878
2016-07-10 22:19:39,663.1,663.1,663.1,663.1,0.04125712
2016-07-10 22:19:41,663.11,663.12,663.11,663.12,0.08401988
2016-07-10 22:19:43,663.12,663.12,663.12,663.12,0.04105306
2016-07-10 22:20:44,663.0,663.0,663.0,663.0,0.99069896
2016-07-10 22:20:45,662.99,663.0,663.0,662.99,0.73031612
2016-07-10 22:20:47,662.95,662.95,662.95,662.95,0.025
2016-07-10 22:20:52,662.9,662.9,662.9,662.9,0.02001509
2016-07-10 22:20:54,662.89,662.89,662.89,662.89,0.025
2016-07-10 22:20:57,662.78,662.8,662.8,662.78,0.09501509000000001
2016-07-10 22:21:06,662.42,662.7,662.7,662.42,0.1176
2016-07-10 22:21:13,662.1,662.42,662.42,662.1,1.8314928599999993
2016-07-10 22:21:39,661.98,662.06,662.06,661.98,0.5
2016-07-10 22:23:48,661.6,661.98,661.98,661.6,1.850933429999999
2016-07-10 22:24:07,660.26,661.57,661.57,660.26,19.29999999999998
2016-07-10 22:25:06,661.32,661.32,661.32,661.32,1.5
2016-07-10 22:25:58,661.32,661.32,661.32,661.32,0.15
2016-07-10 22:26:29,661.33,661.45,661.33,661.45,7.021420000000004
2016-07-10 22:26:59,661.38,661.39,661.39,661.38,1.0
2016-07-10 22:28:43,660.57,660.75,660.75,660.57,0.5
2016-07-10 22:31:16,660.58,660.58,660.58,660.58,0.07388655
2016-07-10 22:39:24,661.0,661.0,661.0,661.0,19.416130000000003
2016-07-10 22:54:07,660.88,660.99,660.99,660.88,3.3098999999999994
2016-07-10 22:54:38,660.53,660.88,660.88,660.53,1.25
2016-07-10 22:58:44,660.52,660.53,660.53,660.52,0.75092336
2016-07-10 22:58:48,660.46,660.46,660.46,660.46,0.01
2016-07-10 22:58:59,660.45,660.45,660.45,660.45,5.26456
2016-07-10 22:59:01,660.44,660.44,660.44,660.44,0.74025343
2016-07-10 22:59:03,660.25,660.4,660.4,660.25,1.5455523199999999
2016-07-10 22:59:06,660.23,660.23,660.23,660.23,0.060000000000000005
2016-07-10 22:59:10,660.15,660.2,660.2,660.15,0.9102534300000001
2016-07-10 22:59:45,660.06,660.11,660.11,660.06,0.15
2016-07-10 22:59:47,659.69,660.01,660.01,659.69,1.2310546000000002
2016-07-10 23:00:03,659.6,659.65,659.65,659.6,0.08003033
2016-07-10 23:00:08,659.58,659.58,659.58,659.58,0.05
2016-07-10 23:00:21,659.46,659.51,659.51,659.46,6.319000000000001
2016-07-10 23:00:39,659.46,659.46,659.46,659.46,0.1271
2016-07-10 23:00:42,659.35,659.41,659.41,659.35,5.947000000000001
2016-07-10 23:00:53,659.35,659.35,659.35,659.35,0.5371
2016-07-10 23:00:57,659.3,659.31,659.31,659.3,0.05
2016-07-10 23:00:59,659.11,659.25,659.25,659.11,0.20999999999999996
2016-07-10 23:01:02,658.98,659.1,659.1,658.98,0.23001517
2016-07-10 23:01:07,658.9,658.92,658.92,658.9,5.174
2016-07-10 23:01:15,658.9,658.9,658.9,658.9,1.0
2016-07-10 23:01:43,658.7,658.9,658.9,658.7,0.5340564999999999
2016-07-10 23:02:11,658.71,658.71,658.71,658.71,0.01
2016-07-10 23:04:55,658.71,658.71,658.71,658.71,4.07568
2016-07-10 23:05:09,658.71,658.71,658.71,658.71,0.015
2016-07-10 23:05:38,658.71,658.71,658.71,658.71,0.11
2016-07-10 23:08:59,658.8,659.13,658.8,659.13,15.433470000000003
2016-07-10 23:09:56,659.15,659.15,659.15,659.15,0.16
2016-07-10 23:10:00,659.15,659.15,659.15,659.15,0.14
2016-07-10 23:13:15,659.16,659.16,659.16,659.16,0.07873049
2016-07-10 23:13:52,659.16,659.17,659.16,659.17,1.7588
2016-07-10 23:18:43,659.01,659.13,659.13,659.01,0.5
2016-07-10 23:19:27,659.01,659.24,659.01,659.24,4.433
2016-07-10 23:21:12,659.02,659.02,659.02,659.02,0.03415426
2016-07-10 23:23:00,659.03,659.03,659.03,659.03,0.05
2016-07-10 23:24:21,659.03,659.24,659.03,659.24,4.27583
2016-07-10 23:25:20,659.23,659.24,659.23,659.24,1.11764
2016-07-10 23:33:24,658.71,659.24,659.24,658.71,9.870370000000003
2016-07-10 23:33:48,659.09,659.09,659.09,659.09,0.03
2016-07-10 23:36:30,659.11,659.11,659.11,659.11,0.82555334
2016-07-10 23:36:31,659.11,659.11,659.11,659.11,0.82555334
2016-07-10 23:36:32,659.11,659.11,659.11,659.11,0.82555334
2016-07-10 23:36:33,659.11,659.36,659.11,659.36,1.65110668
2016-07-10 23:38:29,659.37,659.37,659.37,659.37,0.96302
2016-07-10 23:43:31,659.37,659.39,659.37,659.39,1.84800867
2016-07-10 23:56:03,659.29,659.39,659.39,659.29,1.0000000000000002
