2017-04-11 01:00:50,10.15,10.15,10.15,10.15,5.7295406
2017-04-11 01:02:52,10.15,10.15,10.15,10.15,70.611
2017-04-11 01:03:44,10.16,10.16,10.16,10.16,4.8
2017-04-11 01:04:11,10.16,10.16,10.16,10.16,65.07446165
2017-04-11 01:04:50,10.15,10.15,10.15,10.15,10.0733134
2017-04-11 01:04:58,10.15,10.15,10.15,10.15,0.151329
2017-04-11 01:05:38,10.13,10.14,10.14,10.13,0.70845
2017-04-11 01:05:43,10.13,10.13,10.13,10.13,0.162538
2017-04-11 01:07:57,10.14,10.14,10.14,10.14,18.087183
2017-04-11 01:07:58,10.14,10.14,10.14,10.14,98.44372772
2017-04-11 01:08:33,10.15,10.15,10.15,10.15,145.209798
2017-04-11 01:08:34,10.14,10.14,10.14,10.14,50.0
2017-04-11 01:08:44,10.15,10.15,10.15,10.15,4.506607000000001
2017-04-11 01:08:48,10.15,10.15,10.15,10.15,172.305393
2017-04-11 01:09:52,10.15,10.15,10.15,10.15,211.098
2017-04-11 01:13:53,10.15,10.15,10.15,10.15,119.241481
2017-04-11 01:14:07,10.15,10.15,10.15,10.15,176.620781
2017-04-11 01:14:30,10.15,10.15,10.15,10.15,77.282622
2017-04-11 01:14:37,10.15,10.15,10.15,10.15,91.80046068
2017-04-11 01:14:43,10.15,10.15,10.15,10.15,250.0
2017-04-11 01:14:44,10.15,10.18,10.15,10.18,400.77982373000003
2017-04-11 01:16:03,10.18,10.18,10.18,10.18,162.657081
2017-04-11 01:16:25,10.18,10.18,10.18,10.18,162.08741163
2017-04-11 01:20:07,10.18,10.19,10.18,10.19,60.769557469999995
2017-04-11 01:26:07,10.19,10.19,10.19,10.19,250.92436135999998
2017-04-11 01:26:35,10.19,10.23,10.19,10.23,1.29896088
2017-04-11 01:27:09,10.23,10.24,10.23,10.24,232.16430532000007
2017-04-11 01:29:16,10.2,10.2,10.2,10.2,20.0
2017-04-11 01:34:40,10.18,10.2,10.2,10.18,10.940000000000001
2017-04-11 01:37:51,10.18,10.2,10.2,10.18,128.012577
2017-04-11 01:38:09,10.17,10.17,10.17,10.17,100.150749
2017-04-11 01:38:31,10.14,10.16,10.16,10.14,268.2594813
2017-04-11 01:40:16,10.13,10.17,10.17,10.13,6.631655640000001
2017-04-11 01:41:59,10.16,10.19,10.19,10.16,15.969895
2017-04-11 01:42:15,10.15,10.17,10.17,10.15,20.0777
2017-04-11 01:42:52,10.15,10.17,10.17,10.15,99.8
2017-04-11 01:43:33,10.13,10.16,10.16,10.13,20.288442
2017-04-11 01:44:14,10.12,10.13,10.13,10.12,5.248570999999999
2017-04-11 01:44:46,10.09,10.12,10.12,10.09,28.377885
2017-04-11 01:44:55,10.09,10.09,10.09,10.09,31.250468
2017-04-11 01:45:32,10.09,10.09,10.09,10.09,163.571
2017-04-11 01:45:35,10.09,10.09,10.09,10.09,4.0
2017-04-11 01:45:36,10.09,10.09,10.09,10.09,4.0
2017-04-11 01:45:37,10.09,10.09,10.09,10.09,159.571
2017-04-11 01:45:52,10.09,10.09,10.09,10.09,16.047588
2017-04-11 01:48:40,10.1,10.1,10.1,10.1,0.09871375
2017-04-11 01:48:58,10.1,10.1,10.1,10.1,0.00987137
2017-04-11 01:49:03,10.1,10.1,10.1,10.1,0.00987137
2017-04-11 01:49:05,10.1,10.1,10.1,10.1,0.00987137
2017-04-11 01:49:08,10.1,10.1,10.1,10.1,0.01974275
2017-04-11 01:50:50,10.07,10.09,10.09,10.07,20.0
2017-04-11 01:50:52,10.09,10.09,10.09,10.09,0.00988115
2017-04-11 01:50:57,10.09,10.1,10.09,10.1,0.00987149
2017-04-11 01:51:25,10.09,10.09,10.09,10.09,1.0
2017-04-11 01:53:20,10.1,10.1,10.1,10.1,0.0315884
2017-04-11 01:55:44,10.07,10.09,10.09,10.07,20.0
2017-04-11 01:58:24,10.07,10.08,10.08,10.07,40.737376000000005
2017-04-11 01:58:26,10.07,10.07,10.07,10.07,1.2275496399999999
2017-04-11 01:59:04,10.08,10.08,10.08,10.08,0.09890962
2017-04-11 01:59:10,10.08,10.08,10.08,10.08,0.09890962
2017-04-11 01:59:36,10.06,10.06,10.06,10.06,0.01
2017-04-11 01:59:45,10.06,10.06,10.06,10.06,0.01
2017-04-11 01:59:52,10.05,10.06,10.06,10.05,2.13787464
2017-04-11 02:00:00,10.04,10.05,10.05,10.04,20.672
2017-04-11 02:00:06,10.02,10.04,10.04,10.02,160.99999999999997
2017-04-11 02:00:23,10.02,10.02,10.02,10.02,0.864
2017-04-11 02:00:39,10.02,10.02,10.02,10.02,0.01
2017-04-11 02:00:45,10.02,10.02,10.02,10.02,40.26316762
2017-04-11 02:00:47,10.02,10.02,10.02,10.02,0.01
2017-04-11 02:00:59,10.02,10.02,10.02,10.02,0.01
2017-04-11 02:02:18,10.02,10.02,10.02,10.02,0.01
2017-04-11 02:02:40,10.02,10.02,10.02,10.02,30.458
2017-04-11 02:02:52,10.02,10.02,10.02,10.02,6.135397
2017-04-11 02:03:19,10.02,10.02,10.02,10.02,11.457747999999999
2017-04-11 02:03:28,10.02,10.02,10.02,10.02,27.66139
2017-04-11 02:03:37,10.02,10.02,10.02,10.02,74.717707
2017-04-11 02:03:40,10.02,10.02,10.02,10.02,23.317593
2017-04-11 02:03:45,10.01,10.02,10.02,10.01,56.104149580000005
2017-04-11 02:04:12,10.0,10.0,10.0,10.0,0.01
2017-04-11 02:04:13,10.0,10.0,10.0,10.0,8.709357
2017-04-11 02:04:17,10.0,10.0,10.0,10.0,164.195
2017-04-11 02:04:22,10.0,10.0,10.0,10.0,164.926
2017-04-11 02:04:32,10.0,10.0,10.0,10.0,166.024
2017-04-11 02:04:35,10.0,10.0,10.0,10.0,58.30374259
2017-04-11 02:04:39,10.0,10.0,10.0,10.0,158.62070362
2017-04-11 02:04:44,10.0,10.0,10.0,10.0,103.557553
2017-04-11 02:04:45,10.0,10.0,10.0,10.0,87.987028
2017-04-11 02:05:06,10.0,10.0,10.0,10.0,11.205411
2017-04-11 02:05:50,10.0,10.0,10.0,10.0,0.01
2017-04-11 02:10:04,10.0,10.0,10.0,10.0,0.01
2017-04-11 02:11:33,10.0,10.0,10.0,10.0,0.01
2017-04-11 02:12:46,10.0,10.0,10.0,10.0,0.01
2017-04-11 02:13:17,10.0,10.0,10.0,10.0,0.01
2017-04-11 02:13:27,10.0,10.0,10.0,10.0,0.01
2017-04-11 02:14:26,10.0,10.0,10.0,10.0,0.01
2017-04-11 02:14:55,10.0,10.0,10.0,10.0,0.01
2017-04-11 02:18:42,10.0,10.0,10.0,10.0,0.01
2017-04-11 02:18:53,10.0,10.0,10.0,10.0,0.01
2017-04-11 02:18:56,10.0,10.0,10.0,10.0,0.01
2017-04-11 02:19:19,10.0,10.0,10.0,10.0,0.01941165
2017-04-11 02:19:26,10.01,10.01,10.01,10.01,0.00099601
2017-04-11 02:19:29,10.01,10.01,10.01,10.01,0.00099601
2017-04-11 02:19:33,10.01,10.01,10.01,10.01,0.00199202
2017-04-11 02:19:35,10.01,10.01,10.01,10.01,0.00199202
2017-04-11 02:19:37,10.01,10.01,10.01,10.01,0.00099601
2017-04-11 02:19:39,10.01,10.01,10.01,10.01,0.00099601
2017-04-11 02:19:41,10.01,10.01,10.01,10.01,0.00099601
2017-04-11 02:19:44,10.01,10.01,10.01,10.01,0.00099601
2017-04-11 02:19:45,10.01,10.01,10.01,10.01,0.00099601
2017-04-11 02:19:48,10.01,10.01,10.01,10.01,0.00099601
2017-04-11 02:19:50,10.01,10.01,10.01,10.01,0.00099601
2017-04-11 02:19:54,10.01,10.01,10.01,10.01,0.00298803
2017-04-11 02:19:59,10.01,10.01,10.01,10.01,0.00398405
2017-04-11 02:20:02,10.01,10.01,10.01,10.01,0.00099601
2017-04-11 02:20:04,10.01,10.01,10.01,10.01,0.00099601
2017-04-11 02:20:06,10.01,10.01,10.01,10.01,0.00099601
2017-04-11 02:20:08,10.01,10.01,10.01,10.01,0.00099601
2017-04-11 02:20:10,10.01,10.01,10.01,10.01,0.00099601
2017-04-11 02:20:12,10.01,10.01,10.01,10.01,0.00099601
2017-04-11 02:20:18,10.01,10.01,10.01,10.01,0.00099601
2017-04-11 02:20:19,10.01,10.01,10.01,10.01,0.00099601
2017-04-11 02:20:22,10.01,10.01,10.01,10.01,0.00099601
2017-04-11 02:20:24,10.01,10.01,10.01,10.01,0.00099601
2017-04-11 02:20:26,10.01,10.01,10.01,10.01,0.00099601
2017-04-11 02:20:31,10.01,10.01,10.01,10.01,0.00099601
2017-04-11 02:20:47,10.0,10.01,10.01,10.0,0.01697208
2017-04-11 02:20:55,10.01,10.01,10.01,10.01,0.00996012
2017-04-11 02:21:20,10.0,10.0,10.0,10.0,0.01
2017-04-11 02:23:23,10.0,10.0,10.0,10.0,1000.0
2017-04-11 02:23:25,10.0,10.0,10.0,10.0,167.30501335
2017-04-11 02:24:38,9.99,10.0,9.99,10.0,102.53186249
2017-04-11 02:24:58,10.0,10.0,10.0,10.0,0.01994017
2017-04-11 02:25:01,10.0,10.0,10.0,10.0,0.01994017
2017-04-11 02:25:41,9.98,9.98,9.98,9.98,0.01
2017-04-11 02:25:43,9.98,9.98,9.98,9.98,3.75175
2017-04-11 02:26:24,9.98,9.98,9.98,9.98,0.01
2017-04-11 02:26:53,9.98,9.98,9.98,9.98,0.01
2017-04-11 02:27:09,9.9,9.98,9.98,9.9,1000.0000000000003
2017-04-11 02:27:38,9.96,9.98,9.98,9.96,0.7736120000000001
2017-04-11 02:28:48,9.97,9.98,9.98,9.97,0.696078
2017-04-11 02:31:34,9.99,9.99,9.99,9.99,0.164773
2017-04-11 02:32:47,9.91,9.98,9.98,9.91,19.999999999999993
2017-04-11 02:32:59,9.91,9.95,9.95,9.91,200.0
2017-04-11 02:37:06,9.95,9.95,9.95,9.95,0.01
2017-04-11 02:40:23,9.95,9.95,9.95,9.95,0.01
2017-04-11 02:49:15,9.92,9.97,9.97,9.92,4.198804530000001
2017-04-11 02:50:16,9.91,9.96,9.96,9.91,200.0
2017-04-11 02:53:43,9.97,9.97,9.97,9.97,28.886000000000003
2017-04-11 02:53:58,9.97,9.97,9.97,9.97,23.631
2017-04-11 02:54:01,9.97,10.0,9.97,10.0,172.56508463
2017-04-11 02:54:06,10.01,10.03,10.01,10.03,145.82770627
2017-04-11 02:54:55,10.03,10.08,10.03,10.08,255.45989798999992
2017-04-11 02:55:18,9.98,9.98,9.98,9.98,0.01
2017-04-11 02:56:38,10.02,10.02,10.02,10.02,0.01
2017-04-11 02:56:51,10.07,10.08,10.07,10.08,25.0
2017-04-11 02:57:25,10.02,10.02,10.02,10.02,0.01
2017-04-11 02:57:51,10.03,10.03,10.03,10.03,0.01
2017-04-11 02:58:18,10.01,10.01,10.01,10.01,0.01
2017-04-11 02:59:08,9.99,9.99,9.99,9.99,0.05
2017-04-11 02:59:36,10.05,10.05,10.05,10.05,8.62248
2017-04-11 02:59:44,10.05,10.05,10.05,10.05,15.0
2017-04-11 02:59:48,10.05,10.05,10.05,10.05,2.638583
2017-04-11 03:00:23,10.05,10.12,10.05,10.12,504.08001132000004
2017-04-11 03:00:40,10.09,10.09,10.09,10.09,0.01
2017-04-11 03:07:12,10.09,10.09,10.09,10.09,98.877358
2017-04-11 03:07:13,10.09,10.09,10.09,10.09,33.869632
2017-04-11 03:07:47,10.09,10.09,10.09,10.09,71.22
2017-04-11 03:08:36,10.09,10.09,10.09,10.09,173.08
2017-04-11 03:08:50,10.09,10.09,10.09,10.09,23.0
2017-04-11 03:09:02,10.08,10.09,10.09,10.08,0.2
2017-04-11 03:09:25,10.07,10.08,10.08,10.07,0.3
2017-04-11 03:09:57,10.03,10.07,10.07,10.03,8.0
2017-04-11 03:10:31,10.03,10.05,10.05,10.03,5.0
2017-04-11 03:12:00,10.03,10.04,10.04,10.03,29.228177140000003
2017-04-11 03:12:51,10.04,10.04,10.04,10.04,4.657532
2017-04-11 03:13:05,10.03,10.04,10.04,10.03,20.664731999999997
2017-04-11 03:13:43,10.02,10.03,10.03,10.02,1.1442118
2017-04-11 03:14:25,10.0,10.02,10.02,10.0,25.805392770000005
2017-04-11 03:14:27,9.98,9.99,9.99,9.98,30.578181
2017-04-11 03:14:28,9.98,9.98,9.98,9.98,28.343447
2017-04-11 03:14:29,9.97,9.98,9.98,9.97,44.71859800000002
2017-04-11 03:14:30,9.97,9.97,9.97,9.97,9.809675
2017-04-11 03:14:31,9.96,9.97,9.97,9.96,22.192607
2017-04-11 03:14:33,9.95,9.96,9.96,9.95,18.195249
2017-04-11 03:14:34,9.95,9.95,9.95,9.95,11.182877
2017-04-11 03:14:38,9.95,9.95,9.95,9.95,36.729020580000004
2017-04-11 03:14:46,9.93,9.94,9.94,9.93,5.921831
2017-04-11 03:18:57,9.94,9.94,9.94,9.94,26.223609
2017-04-11 03:20:23,9.81,9.93,9.93,9.81,2073.0000000000005
2017-04-11 03:20:54,9.91,9.92,9.92,9.91,0.2656
2017-04-11 03:21:35,9.85,9.92,9.92,9.85,3.719406
2017-04-11 03:22:32,9.84,9.92,9.92,9.84,5.192074
2017-04-11 03:26:05,9.88,9.9,9.9,9.88,0.789287
2017-04-11 03:33:51,9.85,9.9,9.9,9.85,2.4639670000000002
2017-04-11 03:34:41,9.85,9.89,9.89,9.85,1.6039889999999999
2017-04-11 03:34:54,9.85,9.87,9.87,9.85,0.693844
2017-04-11 03:40:48,9.87,9.89,9.89,9.87,0.5872040000000001
2017-04-11 03:41:19,9.83,9.86,9.86,9.83,2.073653
2017-04-11 03:46:09,9.86,9.86,9.86,9.86,50.259243
2017-04-11 03:47:13,9.83,9.86,9.86,9.83,0.853393
2017-04-11 03:48:18,9.87,9.89,9.87,9.89,0.50431434
2017-04-11 03:48:25,9.83,9.86,9.86,9.83,1.150577
2017-04-11 03:50:28,9.83,9.87,9.87,9.83,1.6637190999999998
2017-04-11 03:50:37,9.82,9.87,9.87,9.82,79.99999999999999
2017-04-11 03:52:01,9.84,9.87,9.87,9.84,0.729727
2017-04-11 03:55:22,9.81,9.85,9.85,9.81,65.49011499999999
2017-04-11 03:59:11,9.8,9.82,9.82,9.8,113.88607065999999
2017-04-11 04:00:34,9.86,9.86,9.86,9.86,2.499188
2017-04-11 04:01:37,9.83,9.85,9.85,9.83,1.282529
2017-04-11 04:01:39,9.83,9.84,9.84,9.83,1.1384779999999999
2017-04-11 04:03:38,9.83,9.86,9.86,9.83,1.452365
2017-04-11 04:04:33,9.83,9.86,9.86,9.83,1.554068
2017-04-11 04:04:54,9.84,9.86,9.86,9.84,1.3985089999999998
2017-04-11 04:05:10,9.82,9.86,9.86,9.82,3.0045859999999993
2017-04-11 04:06:23,9.82,9.86,9.86,9.82,73.582975
2017-04-11 04:06:24,9.82,9.82,9.82,9.82,102.162025
2017-04-11 04:07:31,9.86,9.86,9.86,9.86,10.11165287
2017-04-11 04:07:40,9.82,9.85,9.85,9.82,1.0697409999999998
2017-04-11 04:09:11,9.81,9.83,9.83,9.81,10.959533
2017-04-11 04:09:13,9.81,9.83,9.83,9.81,20.046
2017-04-11 04:09:29,9.81,9.84,9.84,9.81,51.635725
2017-04-11 04:09:30,9.81,9.81,9.81,9.81,134.25811
2017-04-11 04:11:06,9.81,9.83,9.83,9.81,50.67847
2017-04-11 04:11:07,9.8,9.82,9.82,9.8,22.363500000000002
2017-04-11 04:11:08,9.8,9.8,9.8,9.8,2.2885
2017-04-11 04:12:16,9.83,9.83,9.83,9.83,70.99758709
2017-04-11 04:12:40,9.8,9.82,9.82,9.8,342.428
2017-04-11 04:12:44,9.8,9.82,9.82,9.8,49.012175000000006
2017-04-11 04:13:21,9.8,9.81,9.81,9.8,170.284377
2017-04-11 04:13:26,9.8,9.81,9.81,9.8,61.05652868
2017-04-11 04:13:30,9.79,9.81,9.81,9.79,15.702175999999998
2017-04-11 04:13:36,9.77,9.79,9.79,9.77,11.409282999999999
2017-04-11 04:14:05,9.76,9.79,9.79,9.76,185.99999999999997
2017-04-11 04:14:22,9.77,9.79,9.79,9.77,0.490091
2017-04-11 04:15:18,9.77,9.79,9.79,9.77,0.594665
2017-04-11 04:15:59,9.76,9.77,9.77,9.76,177.7
2017-04-11 04:16:02,9.76,9.77,9.77,9.76,177.70000000000002
2017-04-11 04:16:03,9.76,9.77,9.77,9.76,177.70000000000002
2017-04-11 04:16:07,9.76,9.77,9.77,9.76,25.328118
2017-04-11 04:17:41,9.76,9.77,9.77,9.76,197.95064248999998
2017-04-11 04:17:46,9.77,9.78,9.78,9.77,3.895512
2017-04-11 04:17:55,9.77,9.78,9.78,9.77,1.788953
2017-04-11 04:18:01,9.76,9.77,9.77,9.76,35.773673
2017-04-11 04:18:11,9.76,9.77,9.77,9.76,126.296873
2017-04-11 04:18:23,9.76,9.77,9.77,9.76,99.103184
2017-04-11 04:18:28,9.76,9.76,9.76,9.76,384.14859339
2017-04-11 04:19:04,9.75,9.76,9.76,9.75,99.46951999999999
2017-04-11 04:25:12,9.79,9.79,9.79,9.79,33.156996
2017-04-11 04:25:25,9.77,9.78,9.78,9.77,0.842819
2017-04-11 04:26:23,9.79,9.81,9.79,9.81,1.227542
2017-04-11 04:26:29,9.81,9.83,9.81,9.83,43.727421
2017-04-11 04:26:40,9.8,9.81,9.81,9.8,0.17419110000000002
2017-04-11 04:26:45,9.76,9.8,9.8,9.76,1.8975220999999998
2017-04-11 04:26:59,9.81,9.83,9.81,9.83,1.0070489999999999
2017-04-11 04:27:57,9.83,9.83,9.83,9.83,1.261063
2017-04-11 04:28:49,9.83,9.83,9.83,9.83,112.77
2017-04-11 04:28:52,9.83,9.83,9.83,9.83,3.371072
2017-04-11 04:30:19,9.83,9.83,9.83,9.83,2.1521
2017-04-11 04:31:19,9.83,9.93,9.83,9.93,43.10896725
2017-04-11 04:32:00,9.93,9.93,9.93,9.93,31.404276590000002
2017-04-11 04:37:22,9.9,9.91,9.91,9.9,21.894911
2017-04-11 04:37:34,9.93,9.99,9.93,9.99,107.92179199999998
2017-04-11 04:38:24,9.87,9.92,9.92,9.87,1.412439
2017-04-11 04:38:27,9.85,9.87,9.87,9.85,1.7599740000000004
2017-04-11 04:38:29,9.84,9.86,9.86,9.84,1.1403029999999998
2017-04-11 04:39:02,9.79,9.87,9.87,9.79,2.8749615
2017-04-11 04:43:53,9.87,9.87,9.87,9.87,0.531994
2017-04-11 04:44:23,9.87,9.87,9.87,9.87,0.154556
2017-04-11 04:48:24,9.89,9.9,9.89,9.9,10.006364799999998
2017-04-11 04:48:38,9.83,9.88,9.88,9.83,2.388176
2017-04-11 04:49:14,9.78,9.86,9.86,9.78,15.0479754
2017-04-11 05:03:41,9.82,9.84,9.84,9.82,1.086801
2017-04-11 05:14:55,9.82,9.84,9.84,9.82,1.203604
2017-04-11 05:18:19,9.78,9.82,9.82,9.78,1.646943
2017-04-11 05:22:48,9.76,9.79,9.79,9.76,1.2591070000000002
2017-04-11 05:23:21,9.75,9.76,9.76,9.75,109.54680099999999
2017-04-11 05:23:59,9.73,9.75,9.75,9.73,52.482391
2017-04-11 05:24:00,9.73,9.73,9.73,9.73,61.459813
2017-04-11 05:24:04,9.73,9.75,9.75,9.73,51.699999999999996
2017-04-11 05:24:08,9.73,9.75,9.75,9.73,1.649378
2017-04-11 05:25:13,9.71,9.74,9.74,9.71,21.001323999999997
2017-04-11 05:25:36,9.7,9.73,9.73,9.7,20.577999999999996
2017-04-11 05:25:46,9.71,9.72,9.72,9.71,11.755871999999998
2017-04-11 05:26:40,9.7,9.72,9.72,9.7,30.026967000000003
2017-04-11 05:27:31,9.71,9.72,9.72,9.71,6.359552
2017-04-11 05:29:56,9.71,9.75,9.75,9.71,1.021087
2017-04-11 05:36:00,9.7,9.74,9.74,9.7,33.564221
2017-04-11 05:36:01,9.7,9.7,9.7,9.7,21.684401
2017-04-11 05:36:03,9.7,9.71,9.71,9.7,2.707537
2017-04-11 05:36:04,9.7,9.71,9.71,9.7,7.43513
2017-04-11 05:36:29,9.74,9.74,9.74,9.74,131.95014545
2017-04-11 05:43:51,9.72,9.73,9.73,9.72,30.425815
2017-04-11 05:52:53,9.77,9.77,9.77,9.77,9.18432011
2017-04-11 05:58:21,9.78,9.78,9.78,9.78,149.627089
2017-04-11 05:58:40,9.78,9.78,9.78,9.78,16.372911
2017-04-11 05:59:25,9.79,9.82,9.79,9.82,1.6013410000000001
2017-04-11 06:02:04,9.83,9.87,9.83,9.87,30.325813229999998
2017-04-11 06:02:32,9.87,9.87,9.87,9.87,10.10140803
2017-04-11 06:02:47,9.86,9.87,9.86,9.87,25.26455352
2017-04-11 06:03:06,9.87,9.87,9.87,9.87,40.40563214
2017-04-11 06:03:18,9.87,9.87,9.87,9.87,30.206096
2017-04-11 06:03:19,9.87,9.87,9.87,9.87,30.99862908
2017-04-11 06:03:28,9.87,9.87,9.87,9.87,53.631
2017-04-11 06:03:39,9.87,9.87,9.87,9.87,3.544424
2017-04-11 06:04:49,9.89,9.98,9.89,9.98,10.005216049999998
2017-04-11 06:05:08,9.97,9.97,9.97,9.97,20.000179999999997
2017-04-11 06:05:19,9.97,9.97,9.97,9.97,30.00027
2017-04-11 06:05:29,9.98,9.99,9.98,9.99,9.98031041
2017-04-11 06:09:45,9.96,9.97,9.97,9.96,1.12759
2017-04-11 06:10:13,9.95,9.96,9.96,9.95,0.5245960000000001
2017-04-11 06:14:55,9.9,9.94,9.94,9.9,1.310943
2017-04-11 06:15:05,9.89,9.91,9.91,9.89,1.0010379999999999
2017-04-11 06:19:43,9.9,9.9,9.9,9.9,60.534589
2017-04-11 06:19:46,9.91,9.91,9.91,9.91,6.683044
2017-04-11 06:19:56,9.9,9.9,9.9,9.9,4.583754
2017-04-11 06:20:00,9.9,9.9,9.9,9.9,24.663446
2017-04-11 06:20:01,9.9,9.9,9.9,9.9,70.846847
2017-04-11 06:20:13,9.9,9.9,9.9,9.9,62.358636
2017-04-11 06:20:22,9.9,9.9,9.9,9.9,166.836001
2017-04-11 06:20:26,9.9,9.9,9.9,9.9,8.85934
2017-04-11 06:20:28,9.9,9.9,9.9,9.9,4.126053
2017-04-11 06:20:32,9.9,9.9,9.9,9.9,71.810288
2017-04-11 06:20:39,9.9,9.9,9.9,9.9,32.298222
2017-04-11 06:20:45,9.9,9.9,9.9,9.9,914.90967775
2017-04-11 06:21:05,9.9,9.9,9.9,9.9,53.792083999999996
2017-04-11 06:24:36,9.86,9.9,9.9,9.86,0.578381
2017-04-11 06:27:09,9.9,9.9,9.9,9.9,93.820138
2017-04-11 06:27:12,9.9,9.9,9.9,9.9,8.967605
2017-04-11 06:27:20,9.9,9.9,9.9,9.9,11.309958
2017-04-11 06:27:21,9.9,9.9,9.9,9.9,6.449408
2017-04-11 06:27:23,9.9,9.9,9.9,9.9,9.473592
2017-04-11 06:27:52,9.9,9.9,9.9,9.9,5.883479
2017-04-11 06:28:13,9.89,9.9,9.9,9.89,1.071638
2017-04-11 06:29:29,9.82,9.88,9.88,9.82,50.0
2017-04-11 06:30:01,9.76,9.88,9.88,9.76,49.99999999999999
2017-04-11 06:31:59,9.79,9.84,9.84,9.79,22.4
2017-04-11 06:38:41,9.79,9.83,9.83,9.79,17.874396
2017-04-11 06:39:54,9.83,9.83,9.83,9.83,0.99396621
2017-04-11 06:40:44,9.77,9.83,9.81,9.83,57.54042525
2017-04-11 06:40:50,9.77,9.8,9.8,9.77,32.778999999999996
2017-04-11 06:40:55,9.77,9.8,9.8,9.77,90.10100000000001
2017-04-11 06:41:01,9.77,9.79,9.79,9.77,36.380511670000004
2017-04-11 06:41:05,9.82,9.82,9.82,9.82,0.00507641
2017-04-11 06:41:29,9.75,9.79,9.79,9.75,116.884998
2017-04-11 06:41:31,9.75,9.77,9.77,9.75,79.75900000000001
2017-04-11 06:41:41,9.79,9.79,9.79,9.79,0.00612055
2017-04-11 06:42:04,9.75,9.77,9.77,9.75,63.504023000000004
2017-04-11 06:42:21,9.75,9.76,9.76,9.75,59.626929000000004
2017-04-11 06:46:17,9.74,9.76,9.76,9.74,12.763688
2017-04-11 06:46:40,9.74,9.74,9.74,9.74,0.055
2017-04-11 07:02:13,9.81,9.81,9.81,9.81,1.01631903
2017-04-11 07:08:52,9.81,9.82,9.81,9.82,5.0
2017-04-11 07:09:02,9.82,9.82,9.82,9.82,33.80896008
2017-04-11 07:09:46,9.8,9.8,9.8,9.8,10.168969
2017-04-11 07:14:46,9.81,9.81,9.81,9.81,33.259777
2017-04-11 07:14:48,9.8,9.8,9.8,9.8,0.161348
2017-04-11 07:14:51,9.8,9.8,9.8,9.8,0.165402
2017-04-11 07:14:56,9.8,9.8,9.8,9.8,0.26772
2017-04-11 07:15:20,9.8,9.8,9.8,9.8,0.163146
2017-04-11 07:15:23,9.8,9.8,9.8,9.8,0.155093
2017-04-11 07:15:26,9.8,9.8,9.8,9.8,0.25741
2017-04-11 07:15:28,9.8,9.8,9.8,9.8,0.163532
2017-04-11 07:15:30,9.8,9.8,9.8,9.8,0.156389
2017-04-11 07:15:32,9.8,9.8,9.8,9.8,0.878927
2017-04-11 07:15:34,9.8,9.8,9.8,9.8,0.164918
2017-04-11 07:15:36,9.8,9.8,9.8,9.8,0.165196
2017-04-11 07:15:39,9.8,9.8,9.8,9.8,0.168286
2017-04-11 07:15:56,9.8,9.8,9.8,9.8,0.25775
2017-04-11 07:15:59,9.8,9.8,9.8,9.8,102.19906433
2017-04-11 07:16:02,9.8,9.8,9.8,9.8,0.158341
2017-04-11 07:16:06,9.8,9.8,9.8,9.8,0.260616
2017-04-11 07:16:09,9.8,9.8,9.8,9.8,0.879226
2017-04-11 07:16:13,9.8,9.8,9.8,9.8,0.260619
2017-04-11 07:16:16,9.8,9.8,9.8,9.8,0.259563
2017-04-11 07:16:55,9.81,9.81,9.81,9.81,4.270817
2017-04-11 07:17:14,9.81,9.81,9.81,9.81,0.255958
2017-04-11 07:17:16,9.81,9.81,9.81,9.81,0.154772
2017-04-11 07:17:20,9.81,9.81,9.81,9.81,0.162926
2017-04-11 07:17:22,9.81,9.81,9.81,9.81,0.157952
2017-04-11 07:17:26,9.81,9.81,9.81,9.81,0.158229
2017-04-11 07:17:28,9.81,9.81,9.81,9.81,0.270763
2017-04-11 07:17:31,9.8,9.8,9.8,9.8,0.257027
2017-04-11 07:17:35,9.81,9.81,9.81,9.81,0.969955
2017-04-11 07:17:37,9.81,9.81,9.81,9.81,0.25649
2017-04-11 07:17:44,9.81,9.81,9.81,9.81,0.266991
2017-04-11 07:17:50,9.8,9.81,9.81,9.8,0.423786
2017-04-11 07:17:53,9.8,9.81,9.81,9.8,0.326052
2017-04-11 07:17:59,9.8,9.81,9.81,9.8,0.322562
2017-04-11 07:18:02,9.8,9.81,9.81,9.8,0.445926
2017-04-11 07:18:08,9.8,9.8,9.8,9.8,0.267326
2017-04-11 07:18:10,9.8,9.8,9.8,9.8,0.168469
2017-04-11 07:18:13,9.8,9.8,9.8,9.8,0.263182
2017-04-11 07:18:16,9.79,9.8,9.8,9.79,515.724569
2017-04-11 07:18:21,9.79,9.8,9.8,9.79,0.834627
2017-04-11 07:18:25,9.8,9.8,9.8,9.8,0.15792
2017-04-11 07:18:27,9.8,9.8,9.8,9.8,0.158013
2017-04-11 07:18:37,9.79,9.8,9.8,9.79,1.032997
2017-04-11 07:18:40,9.78,9.8,9.8,9.78,0.52707
2017-04-11 07:19:32,9.74,9.8,9.8,9.74,472.67768899999993
2017-04-11 07:20:00,9.72,9.78,9.78,9.72,152.64904476
2017-04-11 07:38:50,9.78,9.78,9.78,9.78,1.258928
2017-04-11 07:39:41,9.79,9.81,9.79,9.81,149.70874033999996
2017-04-11 07:39:58,9.8,9.8,9.8,9.8,0.01387277
2017-04-11 07:43:23,9.75,9.79,9.79,9.75,6.471177
2017-04-11 07:53:55,9.81,9.81,9.81,9.81,0.01387988
2017-04-11 07:57:19,9.81,9.85,9.81,9.85,253.31553007999997
2017-04-11 08:04:47,9.84,9.84,9.84,9.84,2.163922
2017-04-11 08:12:11,9.85,9.85,9.85,9.85,177.7
2017-04-11 08:12:14,9.85,9.85,9.85,9.85,177.7
2017-04-11 08:12:15,9.85,9.85,9.85,9.85,177.7
2017-04-11 08:12:17,9.85,9.85,9.85,9.85,177.7
2017-04-11 08:12:18,9.85,9.85,9.85,9.85,119.26059
2017-04-11 08:12:19,9.85,9.85,9.85,9.85,177.69999993
2017-04-11 08:25:28,9.86,9.88,9.86,9.88,3.8369789999999995
2017-04-11 08:27:51,9.9,9.9,9.9,9.9,1.00707977
2017-04-11 08:28:30,9.9,9.9,9.9,9.9,0.01913451
2017-04-11 08:33:21,9.9,9.9,9.9,9.9,20.0
2017-04-11 08:42:21,9.9,9.99,9.9,9.99,978.70653872
2017-04-11 08:45:00,9.91,9.92,9.92,9.91,1.230671
2017-04-11 08:46:00,9.9,9.92,9.92,9.9,30.81467
2017-04-11 08:46:40,9.91,9.91,9.91,9.91,1.056274
2017-04-11 08:46:43,9.9,9.91,9.91,9.9,23.582676
2017-04-11 08:46:58,9.89,9.89,9.89,9.89,17.008447
2017-04-11 08:47:01,9.89,9.89,9.89,9.89,43.295553
2017-04-11 08:47:03,9.89,9.89,9.89,9.89,62.772
2017-04-11 08:53:34,9.92,9.92,9.92,9.92,47.034106
2017-04-11 08:53:35,9.92,9.92,9.92,9.92,175.745
2017-04-11 08:53:57,9.92,9.92,9.92,9.92,1.624883
2017-04-11 08:54:01,9.92,9.92,9.92,9.92,22.0
2017-04-11 08:54:33,9.92,9.92,9.92,9.92,16.161687
2017-04-11 08:54:34,9.92,9.92,9.92,9.92,172.014
2017-04-11 08:56:09,9.93,9.93,9.93,9.93,1000.0
2017-04-11 08:56:29,9.92,9.92,9.92,9.92,165.794
2017-04-11 08:56:59,9.92,9.92,9.92,9.92,162.17659688
2017-04-11 09:03:13,9.89,9.9,9.9,9.89,10.999999999999998
2017-04-11 09:06:28,9.92,9.92,9.92,9.92,872.874548
2017-04-11 09:10:24,9.91,9.91,9.91,9.91,26.449579999999997
2017-04-11 09:10:25,9.91,9.91,9.91,9.91,3.090472
2017-04-11 09:10:28,9.91,9.91,9.91,9.91,168.637
2017-04-11 09:11:22,9.91,9.91,9.91,9.91,60.0
2017-04-11 09:11:59,9.91,9.91,9.91,9.91,18.810261
2017-04-11 09:13:00,9.89,9.91,9.91,9.89,7.577999999999999
2017-04-11 09:13:19,9.9,9.9,9.9,9.9,5.002841
2017-04-11 09:13:24,9.9,9.9,9.9,9.9,2.152771
2017-04-11 09:17:15,9.86,9.9,9.9,9.86,142.36785257999998
2017-04-11 09:20:15,9.9,9.9,9.9,9.9,4.326841
2017-04-11 09:22:04,9.9,9.9,9.9,9.9,164.372
2017-04-11 09:22:35,9.85,9.9,9.9,9.85,114.63608037
2017-04-11 09:26:10,9.91,9.91,9.91,9.91,10.15118116
2017-04-11 09:33:26,9.85,9.85,9.85,9.85,36.90612
2017-04-11 09:34:38,9.85,9.85,9.85,9.85,40.773290700000004
2017-04-11 09:35:31,9.83,9.83,9.83,9.83,3.47184177
2017-04-11 09:35:37,9.81,9.82,9.82,9.81,11.478060999999999
2017-04-11 09:38:22,9.79,9.82,9.82,9.79,1.1965572999999998
2017-04-11 09:38:29,9.79,9.81,9.81,9.79,1.501245
2017-04-11 09:40:12,9.82,9.83,9.82,9.83,0.04060056
2017-04-11 09:46:08,9.84,9.84,9.84,9.84,15.19830751
2017-04-11 09:46:48,9.81,9.82,9.82,9.81,173.96800000000005
2017-04-11 09:47:06,9.81,9.81,9.81,9.81,43.228085
2017-04-11 09:47:18,9.81,9.81,9.81,9.81,3.317784
2017-04-11 09:47:48,9.8,9.81,9.81,9.8,53.201071999999996
2017-04-11 09:49:22,9.76,9.8,9.8,9.76,1.6136989999999998
2017-04-11 09:49:49,9.74,9.76,9.76,9.74,14.25850972
2017-04-11 09:56:40,9.76,9.78,9.78,9.76,127.755605
2017-04-11 09:57:05,9.75,9.75,9.75,9.75,34.284529
2017-04-11 09:57:10,9.75,9.75,9.75,9.75,27.890184
2017-04-11 09:57:35,9.75,9.75,9.75,9.75,165.08300000000003
2017-04-11 09:57:41,9.75,9.75,9.75,9.75,147.65858
2017-04-11 09:58:02,9.78,9.78,9.78,9.78,0.09276872
2017-04-11 09:58:03,9.75,9.75,9.75,9.75,74.985506
2017-04-11 09:58:11,9.78,9.92,9.78,9.92,4500.000000000001
2017-04-11 09:58:26,9.75,9.77,9.77,9.75,1.0859920000000005
2017-04-11 09:59:27,9.79,9.79,9.79,9.79,0.99293539
2017-04-11 09:59:36,9.79,9.79,9.79,9.79,5.09197636
2017-04-11 09:59:45,9.79,9.79,9.79,9.79,50.0
2017-04-11 10:00:24,9.79,9.81,9.79,9.81,1.11960045
2017-04-11 10:01:54,9.79,9.79,9.79,9.79,0.20367905
2017-04-11 10:02:14,9.78,9.78,9.78,9.78,1.480645
2017-04-11 10:02:16,9.78,9.78,9.78,9.78,2.00085
2017-04-11 10:02:17,9.78,9.78,9.78,9.78,100.0
2017-04-11 10:02:18,9.78,9.78,9.78,9.78,19.27068
2017-04-11 10:02:21,9.78,9.78,9.78,9.78,100.0
2017-04-11 10:02:38,9.79,9.79,9.79,9.79,0.10183952
2017-04-11 10:03:09,9.74,9.78,9.78,9.74,87.64837100000001
2017-04-11 10:03:10,9.74,9.74,9.74,9.74,74.159751
2017-04-11 10:03:29,9.74,9.75,9.75,9.74,29.32078
2017-04-11 10:03:32,9.74,9.74,9.74,9.74,1.0
2017-04-11 10:03:40,9.74,9.77,9.74,9.77,58.308747000000004
2017-04-11 10:03:47,9.74,9.74,9.74,9.74,1.1
2017-04-11 10:03:59,9.74,9.74,9.74,9.74,138.944368
2017-04-11 10:04:05,9.74,9.74,9.74,9.74,19.402528
2017-04-11 10:04:13,9.74,9.74,9.74,9.74,159.042
2017-04-11 10:04:57,9.77,9.77,9.77,9.77,1.02048001
2017-04-11 10:05:27,9.77,9.77,9.77,9.77,0.51024
2017-04-11 10:05:48,9.74,9.74,9.74,9.74,25.007641
2017-04-11 10:06:57,9.77,9.77,9.77,9.77,0.51024
2017-04-11 10:07:02,9.74,9.75,9.75,9.74,19.022525
2017-04-11 10:07:12,9.74,9.74,9.74,9.74,1.0
2017-04-11 10:07:45,9.77,9.77,9.77,9.77,0.306144
2017-04-11 10:08:11,9.77,9.77,9.77,9.77,3.06144003
2017-04-11 10:09:03,9.73,9.74,9.74,9.73,86.70659955
2017-04-11 10:09:15,9.73,9.74,9.74,9.73,10.99944
2017-04-11 10:12:23,9.72,9.74,9.74,9.72,193.36550400000002
2017-04-11 10:12:26,9.72,9.72,9.72,9.72,8.164911
2017-04-11 10:12:50,9.71,9.72,9.72,9.71,32.1685
2017-04-11 10:12:52,9.71,9.72,9.72,9.71,29.699504
2017-04-11 10:13:35,9.7,9.71,9.71,9.7,2.323
2017-04-11 10:13:43,9.7,9.71,9.71,9.7,7.02307
2017-04-11 10:13:44,9.7,9.71,9.71,9.7,3.1807939999999997
2017-04-11 10:14:22,9.71,9.71,9.71,9.71,2.14
2017-04-11 10:14:23,9.71,9.71,9.71,9.71,2.042135
2017-04-11 10:14:26,9.71,9.71,9.71,9.71,14.85565
2017-04-11 10:14:41,9.71,9.72,9.72,9.71,181.11806700000002
2017-04-11 10:14:43,9.71,9.71,9.71,9.71,10.58
2017-04-11 10:14:47,9.7,9.7,9.7,9.7,34.908053
2017-04-11 10:14:49,9.7,9.7,9.7,9.7,181.81
2017-04-11 10:14:54,9.7,9.7,9.7,9.7,249.39822399999997
2017-04-11 10:14:56,9.7,9.7,9.7,9.7,177.7
2017-04-11 10:14:57,9.7,9.7,9.7,9.7,26.447813
2017-04-11 10:15:00,9.7,9.7,9.7,9.7,126.24333399999999
2017-04-11 10:15:01,9.7,9.7,9.7,9.7,5.226475
2017-04-11 10:15:04,9.7,9.7,9.7,9.7,10.680662
2017-04-11 10:15:18,9.7,9.7,9.7,9.7,4.548
2017-04-11 10:15:31,9.7,9.7,9.7,9.7,150.47068561
2017-04-11 10:15:32,9.69,9.69,9.69,9.69,1.686786
2017-04-11 10:15:36,9.75,9.75,9.75,9.75,0.00818058
2017-04-11 10:18:00,9.7,9.7,9.7,9.7,6.88655682
2017-04-11 10:18:07,9.73,9.73,9.73,9.73,0.08236099
2017-04-11 10:18:36,9.69,9.69,9.69,9.69,138.72
2017-04-11 10:19:31,9.66,9.69,9.69,9.66,387.338746
2017-04-11 10:19:33,9.66,9.66,9.66,9.66,5.26
2017-04-11 10:19:35,9.6,9.66,9.66,9.6,1098.39744474
2017-04-11 10:19:37,9.6,9.6,9.6,9.6,177.7
2017-04-11 10:19:41,9.6,9.6,9.6,9.6,27.520148
2017-04-11 10:19:42,9.6,9.6,9.6,9.6,152.20917200000002
2017-04-11 10:19:45,9.59,9.6,9.6,9.59,4.175254
2017-04-11 10:20:00,9.59,9.59,9.59,9.59,6.914814
2017-04-11 10:20:40,9.59,9.59,9.59,9.59,9.316586
2017-04-11 10:20:53,9.59,9.59,9.59,9.59,22.596866000000002
2017-04-11 10:20:54,9.58,9.59,9.59,9.58,5.889321
2017-04-11 10:20:58,9.58,9.59,9.59,9.58,1.60249
2017-04-11 10:21:15,9.63,9.63,9.63,9.63,0.01138847
2017-04-11 10:21:37,9.58,9.59,9.59,9.58,20.026967
2017-04-11 10:21:41,9.58,9.58,9.58,9.58,3.0
2017-04-11 10:21:42,9.58,9.58,9.58,9.58,4.0
2017-04-11 10:22:47,9.58,9.58,9.58,9.58,165.439
2017-04-11 10:22:54,9.58,9.58,9.58,9.58,20.0
2017-04-11 10:22:57,9.58,9.58,9.58,9.58,7.668218
2017-04-11 10:23:16,9.63,9.63,9.63,9.63,4.62475501
2017-04-11 10:24:01,9.58,9.58,9.58,9.58,19.905666
2017-04-11 10:24:16,9.58,9.58,9.58,9.58,91.137026
2017-04-11 10:24:17,9.58,9.58,9.58,9.58,24.00524
2017-04-11 10:24:20,9.58,9.58,9.58,9.58,20.483894
2017-04-11 10:24:51,9.58,9.59,9.59,9.58,46.380748
2017-04-11 10:24:53,9.58,9.59,9.59,9.58,18.175867999999998
2017-04-11 10:24:58,9.59,9.59,9.59,9.59,45.201219
2017-04-11 10:25:06,9.58,9.6,9.6,9.58,201.27957036
2017-04-11 10:27:16,9.6,9.6,9.6,9.6,24.474590999999997
2017-04-11 10:27:24,9.6,9.6,9.6,9.6,15.698121
2017-04-11 10:27:26,9.58,9.6,9.6,9.58,17.199175
2017-04-11 10:27:40,9.58,9.6,9.6,9.58,20.466276
2017-04-11 10:27:56,9.58,9.6,9.6,9.58,25.232917999999998
2017-04-11 10:27:57,9.58,9.59,9.59,9.58,24.029079
2017-04-11 10:31:05,9.59,9.6,9.6,9.59,11.132342999999999
2017-04-11 10:31:07,9.6,9.6,9.6,9.6,0.37
2017-04-11 10:31:16,9.61,9.61,9.61,9.61,163.66197972
2017-04-11 10:32:58,9.62,9.65,9.62,9.65,18.164569999999998
2017-04-11 10:33:12,9.66,9.67,9.66,9.67,200.0
2017-04-11 10:33:47,9.63,9.64,9.64,9.63,20.996119
2017-04-11 10:34:32,9.63,9.64,9.64,9.63,169.535682
2017-04-11 10:34:44,9.63,9.63,9.63,9.63,1.056318
2017-04-11 10:35:52,9.63,9.63,9.63,9.63,99.900268
2017-04-11 10:35:56,9.66,9.66,9.66,9.66,35.60436702
2017-04-11 10:36:20,9.63,9.63,9.63,9.63,14.745087
2017-04-11 10:37:58,9.63,9.64,9.64,9.63,1.348877
2017-04-11 10:39:21,9.67,9.67,9.67,9.67,12.213179
2017-04-11 10:39:26,9.68,9.68,9.68,9.68,4.51640944
2017-04-11 10:45:25,9.68,9.68,9.68,9.68,5.00359056
2017-04-11 10:46:39,9.68,9.68,9.68,9.68,176.278
2017-04-11 10:46:50,9.68,9.68,9.68,9.68,25.790565
2017-04-11 10:46:56,9.68,9.68,9.68,9.68,328.543435
2017-04-11 10:46:57,9.68,9.68,9.68,9.68,365.106242
2017-04-11 10:46:58,9.68,9.68,9.68,9.68,218.808177
2017-04-11 10:47:48,9.67,9.67,9.67,9.67,127.052975
2017-04-11 10:48:08,9.67,9.67,9.67,9.67,3.10342
2017-04-11 10:48:11,9.66,9.67,9.67,9.66,2.557122
2017-04-11 10:48:13,9.66,9.67,9.67,9.66,0.8388469999999999
2017-04-11 10:49:44,9.65,9.67,9.67,9.65,5.324775
2017-04-11 10:50:11,9.65,9.67,9.67,9.65,25.179
2017-04-11 10:50:40,9.65,9.67,9.67,9.65,2.779045
2017-04-11 10:51:32,9.65,9.66,9.66,9.65,1.9228740000000002
2017-04-11 10:51:43,9.64,9.66,9.66,9.64,175.114
2017-04-11 10:52:38,9.65,9.66,9.66,9.65,20.855134
2017-04-11 10:52:48,9.65,9.66,9.66,9.65,3.0563400000000005
2017-04-11 10:52:52,9.64,9.66,9.66,9.64,92.224193
2017-04-11 10:52:53,9.64,9.65,9.65,9.64,1.061164
2017-04-11 10:59:46,9.65,9.65,9.65,9.65,0.260455
2017-04-11 11:00:02,9.61,9.65,9.65,9.61,306.71190000000007
2017-04-11 11:00:42,9.65,9.65,9.65,9.65,0.165282
2017-04-11 11:06:27,9.66,9.66,9.66,9.66,7.865174
2017-04-11 11:07:01,9.66,9.71,9.66,9.71,308.91269557
2017-04-11 11:08:32,9.69,9.69,9.69,9.69,4.023109
2017-04-11 11:08:35,9.69,9.69,9.69,9.69,45.976891
2017-04-11 11:08:37,9.7,9.7,9.7,9.7,2.0556886
2017-04-11 11:09:25,9.69,9.69,9.69,9.69,10.03
2017-04-11 11:10:35,9.69,9.69,9.69,9.69,39.97
2017-04-11 11:13:05,9.68,9.68,9.68,9.68,48.465
2017-04-11 11:15:22,9.69,9.71,9.69,9.71,10.28809398
2017-04-11 11:16:27,9.71,9.75,9.71,9.75,150.0
2017-04-11 11:18:56,9.74,9.74,9.74,9.74,1.133481
2017-04-11 11:19:05,9.74,9.74,9.74,9.74,33.866519
2017-04-11 11:19:24,9.74,9.74,9.74,9.74,24.923451
2017-04-11 11:19:28,9.74,9.74,9.74,9.74,23.296
2017-04-11 11:20:20,9.74,9.74,9.74,9.74,2.039094
2017-04-11 11:21:47,9.69,9.73,9.73,9.69,123.69875900000001
2017-04-11 11:21:48,9.7,9.71,9.71,9.7,159.764659
2017-04-11 11:21:49,9.7,9.7,9.7,9.7,95.130715
2017-04-11 11:22:15,9.73,9.73,9.73,9.73,20.0
2017-04-11 11:22:31,9.72,9.72,9.72,9.72,30.161941
2017-04-11 11:22:58,9.72,9.72,9.72,9.72,13.211423000000002
2017-04-11 11:23:19,9.7,9.72,9.72,9.7,168.282
2017-04-11 11:23:31,9.71,9.73,9.73,9.71,3.820359
2017-04-11 11:23:43,9.7,9.73,9.73,9.7,172.902
2017-04-11 11:23:46,9.73,9.73,9.73,9.73,110.28354800000001
2017-04-11 11:23:47,9.73,9.73,9.73,9.73,164.664577
2017-04-11 11:23:52,9.71,9.73,9.73,9.71,27.587021
2017-04-11 11:23:53,9.7,9.71,9.71,9.7,146.430979
2017-04-11 11:23:55,9.7,9.71,9.71,9.7,177.7
2017-04-11 11:23:56,9.7,9.71,9.71,9.7,287.887725
2017-04-11 11:23:58,9.69,9.71,9.71,9.69,20.120027
2017-04-11 11:24:02,9.69,9.71,9.71,9.69,13.959544
2017-04-11 11:24:04,9.69,9.7,9.7,9.69,9.751999999999999
2017-04-11 11:24:05,9.69,9.7,9.7,9.69,19.504
2017-04-11 11:24:08,9.69,9.71,9.71,9.69,104.691383
2017-04-11 11:24:20,9.68,9.71,9.71,9.68,6.56347
2017-04-11 11:24:24,9.68,9.7,9.7,9.68,2.7640700000000002
2017-04-11 11:24:32,9.67,9.69,9.69,9.67,4.161425
2017-04-11 11:24:41,9.67,9.69,9.69,9.67,9.958229
2017-04-11 11:24:43,9.66,9.69,9.69,9.66,20.06
2017-04-11 11:24:56,9.68,9.69,9.69,9.68,125.906164
2017-04-11 11:25:05,9.73,9.73,9.73,9.73,1.00418169
2017-04-11 11:25:09,9.68,9.69,9.69,9.68,1.25854
2017-04-11 11:25:29,9.68,9.69,9.69,9.68,10.02805
2017-04-11 11:25:44,9.68,9.69,9.69,9.68,30.0
2017-04-11 11:25:57,9.66,9.68,9.68,9.66,145.37878800000001
2017-04-11 11:25:58,9.66,9.66,9.66,9.66,177.7
2017-04-11 11:26:04,9.66,9.66,9.66,9.66,125.40624600000001
2017-04-11 11:26:25,9.66,9.67,9.67,9.66,8.318536
2017-04-11 11:27:02,9.66,9.67,9.67,9.66,6.895283
2017-04-11 11:27:25,9.66,9.67,9.67,9.66,28.346394
2017-04-11 11:27:27,9.66,9.67,9.67,9.66,1.2954729999999999
2017-04-11 11:27:32,9.66,9.67,9.67,9.66,31.685753
2017-04-11 11:28:38,9.66,9.67,9.67,9.66,5.07974
2017-04-11 11:29:20,9.65,9.68,9.68,9.65,157.42423499999998
2017-04-11 11:29:43,9.65,9.67,9.67,9.65,2.3000000000000003
2017-04-11 11:30:33,9.65,9.67,9.67,9.65,58.413
2017-04-11 11:30:53,9.65,9.66,9.66,9.65,31.593
2017-04-11 11:31:25,9.65,9.66,9.66,9.65,37.826264
2017-04-11 11:31:38,9.67,9.67,9.67,9.67,2.46677
2017-04-11 11:31:55,9.66,9.67,9.67,9.66,1.148889
2017-04-11 11:32:02,9.64,9.67,9.67,9.64,1.071211
2017-04-11 11:34:21,9.64,9.66,9.66,9.64,110.593087
2017-04-11 11:34:23,9.63,9.64,9.64,9.63,48.992000000000004
2017-04-11 11:34:33,9.63,9.66,9.66,9.63,289.34656400000006
2017-04-11 11:34:50,9.63,9.66,9.66,9.63,173.07482599999997
2017-04-11 11:35:27,9.64,9.66,9.66,9.64,96.366
2017-04-11 11:36:15,9.64,9.66,9.66,9.64,5.0
2017-04-11 11:37:16,9.63,9.66,9.66,9.63,111.46609000000001
2017-04-11 11:37:18,9.62,9.64,9.64,9.62,58.364473
2017-04-11 11:37:25,9.62,9.66,9.66,9.62,52.689
2017-04-11 11:37:28,9.61,9.64,9.64,9.61,86.20921999999999
2017-04-11 11:37:40,9.63,9.66,9.66,9.63,1.060337
2017-04-11 11:37:59,9.59,9.66,9.66,9.59,67.66043666
2017-04-11 11:39:13,9.59,9.66,9.66,9.59,126.85115999999998
2017-04-11 11:39:20,9.6,9.62,9.62,9.6,1.338843
2017-04-11 11:39:26,9.62,9.63,9.63,9.62,0.847088
2017-04-11 11:40:00,9.63,9.64,9.63,9.64,20.70244031
2017-04-11 11:40:05,9.61,9.61,9.61,9.61,0.160621
2017-04-11 11:40:42,9.6,9.6,9.6,9.6,95.527237
2017-04-11 11:40:45,9.58,9.6,9.6,9.58,14.063824
2017-04-11 11:40:50,9.58,9.6,9.6,9.58,1.017172
2017-04-11 11:41:18,9.58,9.6,9.6,9.58,11.492202
2017-04-11 11:41:45,9.57,9.59,9.59,9.57,177.7
2017-04-11 11:41:49,9.57,9.59,9.59,9.57,6.7619430000000005
2017-04-11 11:42:12,9.56,9.57,9.57,9.56,11.004527
2017-04-11 11:42:49,9.55,9.57,9.57,9.55,50.0
2017-04-11 11:42:57,9.55,9.56,9.56,9.55,139.830713
2017-04-11 11:42:59,9.55,9.56,9.56,9.55,171.998089
2017-04-11 11:43:24,9.55,9.56,9.56,9.55,73.954582
2017-04-11 11:43:45,9.54,9.55,9.55,9.54,168.03571406
2017-04-11 11:45:03,9.53,9.55,9.55,9.53,46.42900600000001
2017-04-11 11:45:16,9.5,9.53,9.53,9.5,386.47365575999993
2017-04-11 11:45:29,9.5,9.52,9.52,9.5,53.954364999999996
2017-04-11 11:45:30,9.5,9.5,9.5,9.5,63.889069
2017-04-11 11:45:31,9.5,9.5,9.5,9.5,64.579816
2017-04-11 11:45:35,9.5,9.5,9.5,9.5,176.278
2017-04-11 11:45:56,9.5,9.51,9.51,9.5,289.084422
2017-04-11 11:46:01,9.5,9.51,9.51,9.5,106.71000000000001
2017-04-11 11:46:03,9.5,9.5,9.5,9.5,24.800756
2017-04-11 11:46:44,9.5,9.51,9.51,9.5,23.244520780000002
2017-04-11 11:47:33,9.54,9.54,9.54,9.54,8.85
2017-04-11 11:48:02,9.52,9.52,9.52,9.52,15.70917499
2017-04-11 11:48:43,9.53,9.53,9.53,9.53,30.0
2017-04-11 11:48:45,9.54,9.54,9.54,9.54,53.749568
2017-04-11 11:49:43,9.53,9.53,9.53,9.53,25.160769
2017-04-11 11:49:44,9.52,9.53,9.53,9.52,1.309469
2017-04-11 11:49:47,9.5,9.53,9.53,9.5,169.29087399999997
2017-04-11 11:50:04,9.5,9.51,9.51,9.5,104.778457
2017-04-11 11:50:08,9.53,9.54,9.53,9.54,209.19276584000002
2017-04-11 11:50:17,9.5,9.51,9.51,9.5,32.197947000000006
2017-04-11 11:52:51,9.5,9.52,9.52,9.5,25.20245129
2017-04-11 11:54:43,9.5,9.52,9.52,9.5,69.99999999999999
2017-04-11 11:55:21,9.48,9.52,9.52,9.48,138.0
2017-04-11 11:55:29,9.49,9.51,9.51,9.49,159.0
2017-04-11 11:55:34,9.49,9.52,9.52,9.49,151.0
2017-04-11 11:55:44,9.49,9.52,9.52,9.49,76.25301738
2017-04-11 11:56:12,9.5,9.52,9.52,9.5,0.5
2017-04-11 11:58:23,9.52,9.52,9.52,9.52,5.910978999999999
2017-04-11 12:02:26,9.48,9.52,9.52,9.48,10.352120690000001
2017-04-11 12:06:39,9.53,9.53,9.53,9.53,0.0198774
2017-04-11 12:09:18,9.53,9.53,9.53,9.53,0.0198774
2017-04-11 12:12:23,9.53,9.53,9.53,9.53,2.52367
2017-04-11 12:13:48,9.53,9.53,9.53,9.53,9.439379
2017-04-11 12:14:10,9.53,9.53,9.53,9.53,150.0
2017-04-11 12:15:00,9.53,9.53,9.53,9.53,81.573
2017-04-11 12:15:36,9.53,9.53,9.53,9.53,16.621000000000002
2017-04-11 12:15:43,9.54,9.54,9.54,9.54,86.054043
2017-04-11 12:15:54,9.54,9.54,9.54,9.54,67.6732904
2017-04-11 12:16:07,9.54,9.55,9.54,9.55,75.891086
2017-04-11 12:16:08,9.55,9.55,9.55,9.55,5.007955
2017-04-11 12:16:11,9.55,9.55,9.55,9.55,4.166045
2017-04-11 12:16:25,9.55,9.55,9.55,9.55,10.451855
2017-04-11 12:16:49,9.55,9.55,9.55,9.55,94.540093
2017-04-11 12:17:06,9.55,9.55,9.55,9.55,10.43988453
2017-04-11 12:17:27,9.55,9.55,9.55,9.55,382.2052168
2017-04-11 12:17:44,9.55,9.55,9.55,9.55,5.21994226
2017-04-11 12:19:04,9.55,9.55,9.55,9.55,32.313763
2017-04-11 12:21:15,9.54,9.54,9.54,9.54,1.0
2017-04-11 12:23:09,9.55,9.59,9.55,9.59,11.394148
2017-04-11 12:23:40,9.6,9.6,9.6,9.6,100.0
2017-04-11 12:26:06,9.62,9.63,9.62,9.63,1.237234
2017-04-11 12:33:59,9.63,9.66,9.66,9.63,10.000000000000002
2017-04-11 12:35:20,9.67,9.67,9.67,9.67,2.50615
2017-04-11 12:36:32,9.68,9.7,9.68,9.7,9.45462178
2017-04-11 12:37:27,9.7,9.7,9.7,9.7,41.0
2017-04-11 12:37:47,9.7,9.7,9.7,9.7,2.79265296
2017-04-11 12:38:04,9.7,9.71,9.7,9.71,0.01122333
2017-04-11 12:38:38,9.71,9.71,9.71,9.71,51.339288
2017-04-11 12:38:54,9.71,9.71,9.71,9.71,0.01122333
2017-04-11 12:40:28,9.71,9.72,9.71,9.72,51.31093107
2017-04-11 12:40:38,9.67,9.68,9.68,9.67,4.210884
2017-04-11 12:40:42,9.7,9.7,9.7,9.7,51.3922151
2017-04-11 12:40:53,9.7,9.7,9.7,9.7,51.3922151
2017-04-11 12:40:55,9.66,9.66,9.66,9.66,1.865968
2017-04-11 12:41:05,9.65,9.66,9.66,9.65,29.842866
2017-04-11 12:41:15,9.64,9.66,9.66,9.64,32.99999999999999
2017-04-11 12:41:35,9.64,9.66,9.66,9.64,12.677181000000001
2017-04-11 12:42:02,9.64,9.66,9.66,9.64,13.067720000000001
2017-04-11 12:42:05,9.64,9.66,9.66,9.64,5.6
2017-04-11 12:42:06,9.64,9.64,9.64,9.64,43.46329
2017-04-11 12:42:09,9.62,9.65,9.65,9.62,13.858986
2017-04-11 12:42:23,9.62,9.65,9.65,9.62,12.292518
2017-04-11 12:42:24,9.68,9.68,9.68,9.68,45.7099775
2017-04-11 12:42:54,9.67,9.67,9.67,9.67,25.7758266
2017-04-11 12:43:14,9.62,9.65,9.65,9.62,1.263463
2017-04-11 12:43:39,9.67,9.67,9.67,9.67,25.7758266
2017-04-11 12:45:18,9.65,9.65,9.65,9.65,0.02479607
2017-04-11 12:46:45,9.59,9.64,9.64,9.59,37.165054
2017-04-11 12:46:51,9.59,9.62,9.62,9.59,5.149995
2017-04-11 12:47:13,9.6,9.62,9.62,9.6,3.78
2017-04-11 12:47:29,9.58,9.61,9.61,9.58,875.5108810600001
2017-04-11 12:48:50,9.61,9.62,9.62,9.61,1.309691
2017-04-11 12:49:46,9.62,9.62,9.62,9.62,9.74208351
2017-04-11 12:53:54,9.59,9.61,9.61,9.59,118.62186665
2017-04-11 12:55:11,9.58,9.59,9.59,9.58,1.6067420000000001
2017-04-11 12:55:12,9.58,9.58,9.58,9.58,65.115064
2017-04-11 12:55:17,9.58,9.58,9.58,9.58,14.521092000000001
2017-04-11 12:55:38,9.57,9.57,9.57,9.57,26.582926
2017-04-11 12:55:42,9.57,9.57,9.57,9.57,73.052643
2017-04-11 12:56:12,9.57,9.57,9.57,9.57,9.822162780000001
2017-04-11 12:56:24,9.55,9.57,9.57,9.55,140.0
2017-04-11 12:56:52,9.55,9.57,9.57,9.55,145.157017
2017-04-11 12:57:07,9.55,9.57,9.57,9.55,2.3414270000000004
2017-04-11 12:57:12,9.55,9.55,9.55,9.55,117.87339399999999
2017-04-11 12:57:13,9.55,9.55,9.55,9.55,24.407391
2017-04-11 12:57:17,9.55,9.56,9.56,9.55,9.5
2017-04-11 12:57:18,9.55,9.55,9.55,9.55,14.915528
2017-04-11 12:57:51,9.55,9.57,9.57,9.55,29.036026000000003
2017-04-11 12:57:57,9.55,9.56,9.56,9.55,160.8289
2017-04-11 12:57:58,9.55,9.55,9.55,9.55,3.550014
2017-04-11 12:58:00,9.55,9.55,9.55,9.55,15.315
2017-04-11 12:58:14,9.55,9.55,9.55,9.55,123.227964
2017-04-11 12:58:26,9.55,9.55,9.55,9.55,134.775598
2017-04-11 12:58:31,9.55,9.55,9.55,9.55,26.191289
2017-04-11 12:58:54,9.55,9.55,9.55,9.55,1.735337
2017-04-11 12:58:57,9.55,9.55,9.55,9.55,3.837099
2017-04-11 12:59:01,9.55,9.55,9.55,9.55,167.394371
2017-04-11 12:59:05,9.55,9.55,9.55,9.55,138.80765
2017-04-11 12:59:08,9.55,9.55,9.55,9.55,1.82
2017-04-11 12:59:12,9.55,9.55,9.55,9.55,169.84435
2017-04-11 12:59:15,9.55,9.55,9.55,9.55,173.613
2017-04-11 12:59:21,9.55,9.55,9.55,9.55,315.87974399999996
2017-04-11 12:59:22,9.55,9.55,9.55,9.55,177.7
2017-04-11 12:59:23,9.55,9.55,9.55,9.55,139.162516
2017-04-11 12:59:25,9.55,9.55,9.55,9.55,152.18941800000002
2017-04-11 12:59:26,9.55,9.55,9.55,9.55,61.63486
2017-04-11 12:59:27,9.55,9.55,9.55,9.55,9.81
2017-04-11 12:59:30,9.55,9.55,9.55,9.55,42.418614
2017-04-11 12:59:36,9.55,9.55,9.55,9.55,185.05800000000002
2017-04-11 12:59:39,9.55,9.55,9.55,9.55,1.740638
2017-04-11 12:59:41,9.55,9.55,9.55,9.55,30.0
2017-04-11 13:00:12,9.55,9.55,9.55,9.55,1.213835
2017-04-11 13:00:14,9.55,9.55,9.55,9.55,9.514379
2017-04-11 13:00:52,9.57,9.57,9.57,9.57,0.01979432
2017-04-11 13:01:01,9.57,9.57,9.57,9.57,0.01979432
2017-04-11 13:01:05,9.57,9.57,9.57,9.57,0.02500335
2017-04-11 13:01:57,9.57,9.65,9.57,9.65,430.3381239699999
2017-04-11 13:04:00,9.57,9.58,9.58,9.57,0.2
2017-04-11 13:07:18,9.59,9.59,9.59,9.59,20.0
2017-04-11 13:11:11,9.56,9.58,9.58,9.56,90.190763
2017-04-11 13:11:14,9.56,9.56,9.56,9.56,20.829237
2017-04-11 13:13:59,9.54,9.54,9.54,9.54,7.745018
2017-04-11 13:14:34,9.52,9.54,9.54,9.52,88.872691
2017-04-11 13:14:35,9.5,9.52,9.52,9.5,73.731906
2017-04-11 13:14:36,9.5,9.51,9.51,9.5,1.0078969999999998
2017-04-11 13:14:38,9.5,9.52,9.52,9.5,1.007897
2017-04-11 13:14:39,9.5,9.51,9.51,9.5,2.0
2017-04-11 13:14:40,9.5,9.5,9.5,9.5,10.30617
2017-04-11 13:14:44,9.5,9.51,9.51,9.5,1.165264
2017-04-11 13:15:15,9.51,9.53,9.53,9.51,1.362122
2017-04-11 13:15:32,9.51,9.51,9.51,9.51,200.784859
2017-04-11 13:15:36,9.51,9.51,9.51,9.51,1.167922
2017-04-11 13:15:46,9.46,9.51,9.51,9.46,503.89341699
2017-04-11 13:17:44,9.51,9.51,9.51,9.51,0.01991921
2017-04-11 13:18:01,9.51,9.51,9.51,9.51,0.01991921
2017-04-11 13:18:56,9.51,9.51,9.51,9.51,0.01991921
2017-04-11 13:18:59,9.51,9.51,9.51,9.51,0.01991921
2017-04-11 13:19:20,9.51,9.51,9.51,9.51,0.01991921
2017-04-11 13:19:28,9.51,9.51,9.51,9.51,0.01572569
2017-04-11 13:20:50,9.51,9.51,9.51,9.51,20.96759144
2017-04-11 13:24:53,9.51,9.51,9.51,9.51,98.085664
2017-04-11 13:24:59,9.51,9.51,9.51,9.51,143.176385
2017-04-11 13:26:29,9.51,9.51,9.51,9.51,98.90002261
2017-04-11 13:27:47,9.53,9.57,9.57,9.53,2.098853
2017-04-11 13:27:59,9.53,9.57,9.57,9.53,1.0198619999999998
2017-04-11 13:29:07,9.61,9.61,9.61,9.61,71.0
2017-04-11 13:33:41,9.5,9.62,9.62,9.5,91.47569150000002
2017-04-11 13:33:43,9.59,9.59,9.59,9.59,0.269003
2017-04-11 13:33:46,9.59,9.59,9.59,9.59,0.26
2017-04-11 13:33:56,9.58,9.6,9.6,9.58,0.5478289999999999
2017-04-11 13:34:11,9.58,9.58,9.58,9.58,0.27
2017-04-11 13:34:16,9.58,9.6,9.6,9.58,0.848284
2017-04-11 13:34:21,9.58,9.59,9.59,9.58,0.43
2017-04-11 13:34:54,9.58,9.6,9.6,9.58,0.5373939999999999
2017-04-11 13:34:58,9.58,9.59,9.59,9.58,0.325377
2017-04-11 13:35:04,9.58,9.59,9.59,9.58,1.5857100000000002
2017-04-11 13:35:08,9.58,9.59,9.59,9.58,0.539759
2017-04-11 13:35:12,9.59,9.6,9.6,9.59,0.437527
2017-04-11 13:35:35,9.59,9.59,9.59,9.59,0.26
2017-04-11 13:35:41,9.6,9.6,9.6,9.6,2.06048521
2017-04-11 13:35:48,9.59,9.6,9.6,9.59,0.16897800000000002
2017-04-11 13:36:12,9.59,9.59,9.59,9.59,0.16523
2017-04-11 13:36:26,9.6,9.6,9.6,9.6,0.26
2017-04-11 13:36:53,9.6,9.6,9.6,9.6,0.01
2017-04-11 13:37:33,9.59,9.6,9.6,9.59,0.43888400000000005
2017-04-11 13:37:37,9.59,9.6,9.6,9.59,0.33
2017-04-11 13:38:03,9.6,9.6,9.6,9.6,0.27999999999999997
2017-04-11 13:38:17,9.59,9.6,9.6,9.59,0.28
2017-04-11 13:38:49,9.6,9.6,9.6,9.6,0.268956
2017-04-11 13:39:01,9.6,9.6,9.6,9.6,0.169032
2017-04-11 13:39:30,9.6,9.6,9.6,9.6,0.78
2017-04-11 13:40:13,9.6,9.6,9.6,9.6,0.157827
2017-04-11 13:44:27,9.6,9.6,9.6,9.6,10.0
2017-04-11 13:44:28,9.59,9.59,9.59,9.59,0.26
2017-04-11 13:45:27,9.59,9.59,9.59,9.59,0.266507
2017-04-11 13:45:50,9.58,9.59,9.59,9.58,0.52196
2017-04-11 13:46:01,9.58,9.58,9.58,9.58,0.68
2017-04-11 13:47:10,9.58,9.58,9.58,9.58,0.16
2017-04-11 13:48:30,9.58,9.58,9.58,9.58,0.267179
2017-04-11 13:48:52,9.58,9.58,9.58,9.58,0.16999999999999998
2017-04-11 13:49:18,9.58,9.58,9.58,9.58,0.275418
2017-04-11 13:56:39,9.57,9.58,9.58,9.57,57.059672039999995
2017-04-11 13:59:51,9.59,9.59,9.59,9.59,207.92679313
2017-04-11 14:03:06,9.58,9.58,9.58,9.58,71.0
2017-04-11 14:06:02,9.58,9.58,9.58,9.58,0.32622389
2017-04-11 14:06:19,9.59,9.59,9.59,9.59,0.01975304
2017-04-11 14:08:16,9.58,9.58,9.58,9.58,0.01
2017-04-11 14:08:26,9.56,9.56,9.56,9.56,0.32622389
2017-04-11 14:08:47,9.56,9.56,9.56,9.56,0.1
2017-04-11 14:10:36,9.56,9.56,9.56,9.56,64.18245264000001
2017-04-11 14:11:51,9.57,9.57,9.57,9.57,0.01979432
2017-04-11 14:11:52,9.57,9.57,9.57,9.57,0.01979432
2017-04-11 14:12:14,9.57,9.57,9.57,9.57,0.01979432
2017-04-11 14:12:17,9.57,9.57,9.57,9.57,0.01979432
2017-04-11 14:12:19,9.57,9.57,9.57,9.57,0.01979432
2017-04-11 14:12:46,9.57,9.57,9.57,9.57,0.01979432
2017-04-11 14:13:41,9.57,9.57,9.57,9.57,0.01979432
2017-04-11 14:14:12,9.57,9.57,9.57,9.57,1.6741833
2017-04-11 14:16:20,9.57,9.57,9.57,9.57,0.00833445
2017-04-11 14:17:03,9.57,9.59,9.57,9.59,281.02874847000004
2017-04-11 14:17:22,9.56,9.56,9.56,9.56,0.1
2017-04-11 14:17:33,9.56,9.56,9.56,9.56,139.304254
2017-04-11 14:17:34,9.56,9.56,9.56,9.56,57.484806
2017-04-11 14:17:36,9.56,9.56,9.56,9.56,49.529131
2017-04-11 14:17:39,9.56,9.56,9.56,9.56,5.071947
2017-04-11 14:17:40,9.56,9.56,9.56,9.56,11.283123
2017-04-11 14:18:03,9.56,9.56,9.56,9.56,73.420053
2017-04-11 14:18:34,9.57,9.57,9.57,9.57,4.06408777
2017-04-11 14:18:43,9.55,9.56,9.56,9.55,26.468320000000002
2017-04-11 14:18:45,9.55,9.55,9.55,9.55,3.988115
2017-04-11 14:18:53,9.57,9.57,9.57,9.57,0.22711385
2017-04-11 14:19:05,9.55,9.55,9.55,9.55,170.947
2017-04-11 14:19:22,9.55,9.55,9.55,9.55,204.439195
2017-04-11 14:19:27,9.55,9.55,9.55,9.55,9.391084
2017-04-11 14:19:37,9.56,9.56,9.56,9.56,0.01251475
2017-04-11 14:19:54,9.55,9.55,9.55,9.55,115.152
2017-04-11 14:22:57,9.56,9.56,9.56,9.56,81.8673686
2017-04-11 14:27:57,9.55,9.55,9.55,9.55,46.173
2017-04-11 14:29:33,9.52,9.55,9.55,9.52,9.048889
2017-04-11 14:32:17,9.54,9.55,9.55,9.54,11.766122000000001
2017-04-11 14:34:13,9.48,9.52,9.52,9.48,199.77
2017-04-11 14:35:00,9.53,9.53,9.53,9.53,7.11401995
2017-04-11 14:35:44,9.53,9.53,9.53,9.53,0.73232558
2017-04-11 14:39:18,9.53,9.53,9.53,9.53,6.23386
2017-04-11 14:39:50,9.53,9.53,9.53,9.53,4.6e-07
2017-04-11 14:40:14,9.57,9.57,9.57,9.57,3.6463233
2017-04-11 14:43:33,9.56,9.56,9.56,9.56,22.42227292
2017-04-11 14:45:32,9.55,9.56,9.56,9.55,2.535577
2017-04-11 14:45:40,9.53,9.55,9.55,9.53,1.06942
2017-04-11 14:46:57,9.46,9.56,9.56,9.46,100.0
2017-04-11 14:47:53,9.45,9.54,9.54,9.45,516.0000000000002
2017-04-11 14:48:09,9.54,9.54,9.54,9.54,0.17
2017-04-11 14:48:19,9.45,9.54,9.54,9.45,57.99999999999999
2017-04-11 14:48:24,9.52,9.55,9.55,9.52,0.8700000000000001
2017-04-11 14:48:27,9.52,9.55,9.55,9.52,1.43688
2017-04-11 14:48:38,9.52,9.52,9.52,9.52,0.269354
2017-04-11 14:48:41,9.53,9.53,9.53,9.53,0.27
2017-04-11 14:49:22,9.54,9.55,9.55,9.54,0.44999999999999996
2017-04-11 14:49:56,9.54,9.55,9.55,9.54,0.55
2017-04-11 14:50:06,9.53,9.55,9.55,9.53,1.071553
2017-04-11 14:51:04,9.53,9.54,9.54,9.53,0.44
2017-04-11 14:51:15,9.53,9.55,9.55,9.53,0.44
2017-04-11 14:51:20,9.52,9.54,9.54,9.52,0.43999999999999995
2017-04-11 14:51:23,9.53,9.54,9.54,9.53,0.42897199999999996
2017-04-11 14:51:26,9.51,9.51,9.51,9.51,0.16
2017-04-11 14:51:54,9.52,9.52,9.52,9.52,0.27
2017-04-11 14:52:10,9.52,9.53,9.53,9.52,0.26999999999999996
2017-04-11 14:53:03,9.53,9.54,9.54,9.53,1.287845
2017-04-11 14:54:17,9.53,9.53,9.53,9.53,0.268946
2017-04-11 14:54:23,9.49,9.54,9.54,9.49,50.0
2017-04-11 14:54:28,9.53,9.53,9.53,9.53,0.38
2017-04-11 14:55:05,9.52,9.53,9.53,9.52,0.27526399999999995
2017-04-11 14:55:08,9.52,9.53,9.53,9.52,0.96
2017-04-11 14:55:12,9.53,9.53,9.53,9.53,0.16
2017-04-11 14:56:20,9.53,9.53,9.53,9.53,0.17
2017-04-11 14:57:04,9.53,9.53,9.53,9.53,1.0
2017-04-11 14:59:29,9.53,9.53,9.53,9.53,1.0999999999999999
2017-04-11 15:00:42,9.53,9.53,9.53,9.53,0.16
2017-04-11 15:01:28,9.47,9.53,9.53,9.47,50.0
2017-04-11 15:01:39,9.53,9.53,9.53,9.53,0.165705
2017-04-11 15:01:45,9.53,9.53,9.53,9.53,0.26604
2017-04-11 15:02:57,9.53,9.53,9.53,9.53,0.26931
2017-04-11 15:04:12,9.53,9.53,9.53,9.53,0.27
2017-04-11 15:04:15,9.53,9.53,9.53,9.53,0.167934
2017-04-11 15:04:40,9.53,9.53,9.53,9.53,0.17
2017-04-11 15:05:30,9.53,9.53,9.53,9.53,0.27
2017-04-11 15:06:40,9.53,9.53,9.53,9.53,0.16
2017-04-11 15:07:51,9.53,9.53,9.53,9.53,0.27
2017-04-11 15:09:00,9.53,9.53,9.53,9.53,0.27
2017-04-11 15:09:07,9.54,9.54,9.54,9.54,33.0
2017-04-11 15:09:14,9.55,9.55,9.55,9.55,26.09971133
2017-04-11 15:10:12,9.55,9.55,9.55,9.55,10.43988453
2017-04-11 15:10:13,9.55,9.55,9.55,9.55,36.514353
2017-04-11 15:11:27,9.56,9.56,9.56,9.56,16.593356
2017-04-11 15:11:28,9.57,9.57,9.57,9.57,1.232556
2017-04-11 15:11:35,9.57,9.57,9.57,9.57,26.304417
2017-04-11 15:12:22,9.57,9.57,9.57,9.57,66.533397
2017-04-11 15:12:24,9.57,9.57,9.57,9.57,66.5445
2017-04-11 15:12:42,9.57,9.57,9.57,9.57,40.81169
2017-04-11 15:13:02,9.57,9.57,9.57,9.57,44.390633
2017-04-11 15:15:20,9.57,9.57,9.57,9.57,19.61756088
2017-04-11 15:15:53,9.58,9.6,9.58,9.6,55.295459
2017-04-11 15:19:48,9.62,9.67,9.62,9.67,194.293046
2017-04-11 15:19:53,9.68,9.68,9.68,9.68,0.01956939
2017-04-11 15:20:57,9.67,9.67,9.67,9.67,1.0
2017-04-11 15:22:11,9.68,9.7,9.68,9.7,300.0
2017-04-11 15:23:38,9.7,9.7,9.7,9.7,0.01952904
2017-04-11 15:23:55,9.7,9.7,9.7,9.7,0.01952904
2017-04-11 15:24:09,9.7,9.7,9.7,9.7,50.0
2017-04-11 15:24:26,9.7,9.7,9.7,9.7,18.909588
2017-04-11 15:24:28,9.7,9.7,9.7,9.7,18.909588
2017-04-11 15:25:55,9.69,9.69,9.69,9.69,5.0
2017-04-11 15:26:14,9.64,9.69,9.69,9.64,50.00000000000001
2017-04-11 15:27:29,9.69,9.69,9.69,9.69,90.170297
2017-04-11 15:31:25,9.68,9.68,9.68,9.68,20.59935894
2017-04-11 15:31:38,9.68,9.68,9.68,9.68,514.98397369
2017-04-11 15:33:50,9.6,9.67,9.67,9.6,4.999999999999999
2017-04-11 15:34:44,9.68,9.68,9.68,9.68,0.01956939
2017-04-11 15:35:53,9.68,9.68,9.68,9.68,0.01956939
2017-04-11 15:35:56,9.68,9.68,9.68,9.68,0.01956939
2017-04-11 15:36:48,9.68,9.68,9.68,9.68,0.01956939
2017-04-11 15:38:22,9.67,9.67,9.67,9.67,0.265443
2017-04-11 15:38:37,9.64,9.66,9.66,9.64,0.7096239999999999
2017-04-11 15:38:41,9.67,9.67,9.67,9.67,0.01958962
2017-04-11 15:38:46,9.67,9.67,9.67,9.67,0.01958962
2017-04-11 15:38:49,9.67,9.67,9.67,9.67,0.01958962
2017-04-11 15:39:29,9.58,9.66,9.66,9.58,99.99999999999999
2017-04-11 15:39:46,9.66,9.66,9.66,9.66,0.0196099
2017-04-11 15:40:19,9.66,9.66,9.66,9.66,0.0196099
2017-04-11 15:40:58,9.66,9.66,9.66,9.66,0.04954081
2017-04-11 15:41:51,9.66,9.66,9.66,9.66,0.0196099
2017-04-11 15:43:20,9.65,9.65,9.65,9.65,0.159957
2017-04-11 15:50:08,9.65,9.65,9.65,9.65,143.78522463
2017-04-11 15:53:06,9.65,9.65,9.65,9.65,0.07492553
2017-04-11 15:53:46,9.65,9.65,9.65,9.65,4.253741
2017-04-11 15:59:19,9.65,9.65,9.65,9.65,0.01963022
2017-04-11 15:59:21,9.65,9.65,9.65,9.65,0.01963022
2017-04-11 15:59:47,9.64,9.64,9.64,9.64,0.26781299999999997
2017-04-11 16:00:42,9.64,9.64,9.64,9.64,0.463916
2017-04-11 16:02:29,9.64,9.64,9.64,9.64,0.01965059
2017-04-11 16:02:32,9.64,9.64,9.64,9.64,0.01965059
2017-04-11 16:05:35,9.64,9.64,9.64,9.64,0.01965059
2017-04-11 16:05:39,9.64,9.64,9.64,9.64,0.01965059
2017-04-11 16:05:45,9.64,9.64,9.64,9.64,0.01965059
2017-04-11 16:06:31,9.64,9.64,9.64,9.64,0.01965059
2017-04-11 16:07:28,9.64,9.64,9.64,9.64,0.01965059
2017-04-11 16:08:52,9.64,9.65,9.64,9.65,135.572791
2017-04-11 16:09:55,9.65,9.65,9.65,9.65,125.794321
2017-04-11 16:10:52,9.64,9.64,9.64,9.64,0.16432
2017-04-11 16:10:55,9.64,9.64,9.64,9.64,6.83568
2017-04-11 16:11:26,9.65,9.65,9.65,9.65,2.204207
2017-04-11 16:11:29,9.65,9.65,9.65,9.65,138.979
2017-04-11 16:11:41,9.65,9.65,9.65,9.65,130.225619
2017-04-11 16:11:47,9.65,9.65,9.65,9.65,2.918735
2017-04-11 16:11:56,9.65,9.65,9.65,9.65,1.025588
2017-04-11 16:12:14,9.65,9.65,9.65,9.65,95.487
2017-04-11 16:12:22,9.65,9.65,9.65,9.65,6.52956215
2017-04-11 16:16:23,9.65,9.65,9.65,9.65,0.275256
2017-04-11 16:21:49,9.64,9.64,9.64,9.64,113.29186713
2017-04-11 16:23:01,9.6,9.63,9.63,9.6,0.9646699999999999
2017-04-11 16:26:27,9.6,9.6,9.6,9.6,7.06214689
2017-04-11 16:26:57,9.59,9.59,9.59,9.59,5.0
2017-04-11 16:28:01,9.6,9.6,9.6,9.6,20.77102027
2017-04-11 16:33:25,9.59,9.59,9.59,9.59,63.314155
2017-04-11 16:33:32,9.58,9.59,9.59,9.58,57.770544
2017-04-11 16:34:30,9.58,9.59,9.59,9.58,30.81
2017-04-11 16:37:45,9.58,9.59,9.59,9.58,4.3030550000000005
2017-04-11 16:47:49,9.6,9.6,9.6,9.6,0.01973246
2017-04-11 16:48:00,9.6,9.6,9.6,9.6,0.08308408
2017-04-11 16:53:52,9.6,9.6,9.6,9.6,0.01973246
2017-04-11 16:54:03,9.6,9.6,9.6,9.6,0.01973246
2017-04-11 16:54:12,9.6,9.6,9.6,9.6,0.01973246
2017-04-11 16:55:09,9.6,9.6,9.6,9.6,61.0
2017-04-11 16:55:15,9.6,9.6,9.6,9.6,0.03738783
2017-04-11 16:55:17,9.6,9.6,9.6,9.6,0.01973246
2017-04-11 16:57:27,9.6,9.6,9.6,9.6,36.34928547
2017-04-11 16:58:20,9.6,9.6,9.6,9.6,8.546
2017-04-11 16:59:45,9.53,9.59,9.59,9.53,492.05634871999996
2017-04-11 17:05:20,9.6,9.6,9.6,9.6,2.94429212
2017-04-11 17:07:14,9.57,9.59,9.59,9.57,200.99999999999997
2017-04-11 17:14:34,9.6,9.6,9.6,9.6,10.606932
2017-04-11 17:14:36,9.6,9.6,9.6,9.6,1.231804
2017-04-11 17:18:09,9.6,9.6,9.6,9.6,75.0
2017-04-11 17:27:21,9.59,9.59,9.59,9.59,10.309999999999999
2017-04-11 17:32:31,9.52,9.59,9.59,9.52,490.51260814999995
2017-04-11 17:42:13,9.58,9.58,9.58,9.58,15.77834346
2017-04-11 17:45:47,9.58,9.58,9.58,9.58,352.63312359
2017-04-11 17:46:11,9.58,9.58,9.58,9.58,0.05203595
2017-04-11 17:49:05,9.57,9.57,9.57,9.57,1.0761290000000001
2017-04-11 17:49:07,9.57,9.57,9.57,9.57,160.943728
2017-04-11 17:49:19,9.57,9.57,9.57,9.57,1.024966
2017-04-11 17:49:21,9.57,9.57,9.57,9.57,9.537541
2017-04-11 17:49:37,9.57,9.57,9.57,9.57,29.157314
2017-04-11 17:49:38,9.57,9.57,9.57,9.57,6.40285
2017-04-11 17:50:43,9.57,9.57,9.57,9.57,136.830916
2017-04-11 17:51:47,9.57,9.57,9.57,9.57,1.0
2017-04-11 17:51:55,9.57,9.57,9.57,9.57,1.217948
2017-04-11 17:52:03,9.57,9.57,9.57,9.57,5.22
2017-04-11 17:52:23,9.57,9.57,9.57,9.57,0.05203595
2017-04-11 17:52:32,9.57,9.57,9.57,9.57,1.124702
2017-04-11 17:52:41,9.57,9.57,9.57,9.57,1.002658
2017-04-11 17:52:44,9.58,9.58,9.58,9.58,4.54482065
2017-04-11 17:53:03,9.57,9.57,9.57,9.57,1.003613
2017-04-11 17:56:47,9.57,9.57,9.57,9.57,11.49993
2017-04-11 17:57:13,9.57,9.57,9.57,9.57,55.252185
2017-04-11 17:57:14,9.57,9.57,9.57,9.57,68.835682
2017-04-11 17:57:55,9.57,9.57,9.57,9.57,84.524449
2017-04-11 18:00:19,9.58,9.58,9.58,9.58,7.04775027
2017-04-11 18:07:22,9.57,9.57,9.57,9.57,136.137
2017-04-11 18:09:16,9.57,9.57,9.57,9.57,7.550001
2017-04-11 18:10:15,9.57,9.57,9.57,9.57,8.383787
2017-04-11 18:10:45,9.57,9.57,9.57,9.57,12.197635
2017-04-11 18:11:20,9.57,9.57,9.57,9.57,4.61518
2017-04-11 18:14:25,9.57,9.57,9.57,9.57,207.53964200000001
2017-04-11 18:14:44,9.57,9.57,9.57,9.57,78.550749
2017-04-11 18:15:17,9.57,9.57,9.57,9.57,9.901505
2017-04-11 18:16:06,9.57,9.57,9.57,9.57,2.014172
2017-04-11 18:16:24,9.57,9.57,9.57,9.57,6.356952
2017-04-11 18:17:19,9.57,9.57,9.57,9.57,168.46
2017-04-11 18:17:20,9.57,9.57,9.57,9.57,125.12759100000001
2017-04-11 18:17:33,9.57,9.57,9.57,9.57,23.0383
2017-04-11 18:19:08,9.57,9.57,9.57,9.57,33.958467
2017-04-11 18:19:15,9.57,9.57,9.57,9.57,53.18396
2017-04-11 18:22:41,9.57,9.57,9.57,9.57,10.0
2017-04-11 18:23:49,9.57,9.57,9.57,9.57,63.641
2017-04-11 18:35:51,9.58,9.58,9.58,9.58,5.20359589
2017-04-11 18:38:39,9.58,9.58,9.58,9.58,76.142619
2017-04-11 18:39:52,9.58,9.58,9.58,9.58,148.303944
2017-04-11 18:40:06,9.58,9.58,9.58,9.58,52.03595892
2017-04-11 18:40:11,9.58,9.58,9.58,9.58,14.443851
2017-04-11 18:42:59,9.58,9.59,9.58,9.59,12.800417
2017-04-11 18:43:49,9.59,9.59,9.59,9.59,6.4806
2017-04-11 18:44:15,9.59,9.59,9.59,9.59,44.311
2017-04-11 18:44:59,9.59,9.59,9.59,9.59,36.407983
2017-04-11 18:48:57,9.59,9.66,9.59,9.66,103.33006013
2017-04-11 18:51:51,9.66,9.66,9.66,9.66,56.19064132
2017-04-11 18:55:32,9.66,9.66,9.66,9.66,5.16050193
2017-04-11 18:55:34,9.66,9.66,9.66,9.66,1.00000115
2017-04-11 18:58:05,9.65,9.65,9.65,9.65,1.5179559999999999
2017-04-11 19:02:38,9.66,9.66,9.66,9.66,4.50615028
2017-04-11 19:13:21,9.66,9.66,9.66,9.66,12.794945
2017-04-11 19:13:28,9.66,9.66,9.66,9.66,12.837128
2017-04-11 19:13:39,9.66,9.66,9.66,9.66,12.644256
2017-04-11 19:14:35,9.66,9.66,9.66,9.66,2.431482
2017-04-11 19:16:16,9.66,9.66,9.66,9.66,3.09630115
2017-04-11 19:16:43,9.66,9.66,9.66,9.66,22.602372000000003
2017-04-11 19:16:44,9.66,9.66,9.66,9.66,20.749
2017-04-11 19:16:47,9.66,9.66,9.66,9.66,13.138
2017-04-11 19:16:49,9.66,9.66,9.66,9.66,3.0
2017-04-11 19:16:51,9.66,9.66,9.66,9.66,21.744555
2017-04-11 19:16:54,9.66,9.66,9.66,9.66,3.004
2017-04-11 19:16:58,9.66,9.66,9.66,9.66,34.872082
2017-04-11 19:17:34,9.66,9.66,9.66,9.66,71.17307885
2017-04-11 19:18:18,9.67,9.67,9.67,9.67,21.0330745
2017-04-11 19:21:41,9.67,9.67,9.67,9.67,0.00309309
2017-04-11 19:21:51,9.67,9.69,9.67,9.69,5.14452535
2017-04-11 19:28:15,9.69,9.69,9.69,9.69,6.75027
2017-04-11 19:28:20,9.69,9.69,9.69,9.69,103.37700000000001
2017-04-11 19:28:24,9.69,9.69,9.69,9.69,9.728306
2017-04-11 19:28:51,9.69,9.7,9.69,9.7,25.401945
2017-04-11 19:29:01,9.7,9.7,9.7,9.7,76.068135
2017-04-11 19:34:14,9.7,9.7,9.7,9.7,164.526376
2017-04-11 19:34:20,9.7,9.7,9.7,9.7,109.11337
2017-04-11 19:34:26,9.7,9.7,9.7,9.7,79.34478
2017-04-11 19:36:47,9.7,9.73,9.7,9.73,20.493504070000004
2017-04-11 19:37:05,9.74,9.74,9.74,9.74,0.017852
2017-04-11 19:40:24,9.74,9.74,9.74,9.74,8.4541038
2017-04-11 19:40:27,9.74,9.74,9.74,9.74,0.47086666
2017-04-11 19:40:29,9.74,9.74,9.74,9.74,0.0266142
2017-04-11 19:40:32,9.74,9.74,9.74,9.74,0.00102362
2017-04-11 19:40:58,9.72,9.73,9.73,9.72,10.099711619999997
2017-04-11 19:41:08,9.74,9.74,9.74,9.74,50.099999999999994
2017-04-11 19:51:22,9.73,9.73,9.73,9.73,0.01
2017-04-11 19:58:27,9.71,9.72,9.72,9.71,86.376741
2017-04-11 20:03:13,9.72,9.72,9.72,9.72,18.28
2017-04-11 20:03:14,9.72,9.72,9.72,9.72,17.36
2017-04-11 20:03:16,9.72,9.72,9.72,9.72,16.5
2017-04-11 20:03:17,9.72,9.72,9.72,9.72,16.5
2017-04-11 20:04:20,9.73,9.74,9.73,9.74,51.22138138
2017-04-11 20:04:25,9.72,9.72,9.72,9.72,14.85
2017-04-11 20:04:52,9.73,9.74,9.73,9.74,51.1960064
2017-04-11 20:04:57,9.72,9.72,9.72,9.72,14.1
2017-04-11 20:05:31,9.74,9.75,9.74,9.75,51.13619
2017-04-11 20:07:57,9.75,9.76,9.75,9.76,51.09902578
2017-04-11 20:08:43,9.76,9.77,9.76,9.77,178.30684209999998
2017-04-11 20:09:56,9.77,9.77,9.77,9.77,44.78886778
2017-04-11 20:12:25,9.74,9.75,9.75,9.74,14.29287
2017-04-11 20:14:12,9.74,9.76,9.76,9.74,5.761773
2017-04-11 20:14:33,9.75,9.75,9.75,9.75,88.04944499999999
2017-04-11 20:14:53,9.75,9.76,9.76,9.75,27.207743
2017-04-11 20:14:55,9.75,9.75,9.75,9.75,54.268812
2017-04-11 20:17:13,9.76,9.76,9.76,9.76,0.02043051
2017-04-11 20:17:22,9.75,9.75,9.75,9.75,5.322796
2017-04-11 20:17:29,9.75,9.75,9.75,9.75,120.901519
2017-04-11 20:19:06,9.76,9.77,9.76,9.77,135.48
2017-04-11 20:19:07,9.75,9.75,9.75,9.75,20.17
2017-04-11 20:19:09,9.73,9.76,9.76,9.73,19.16
2017-04-11 20:19:11,9.73,9.74,9.74,9.73,18.209999999999997
2017-04-11 20:19:13,9.73,9.74,9.74,9.73,17.3
2017-04-11 20:19:14,9.73,9.75,9.75,9.73,16.43
2017-04-11 20:19:16,9.73,9.74,9.74,9.73,15.610000000000001
2017-04-11 20:19:17,9.73,9.74,9.74,9.73,14.83
2017-04-11 20:19:19,9.73,9.74,9.74,9.73,14.09
2017-04-11 20:19:21,9.77,9.78,9.77,9.78,135.01
2017-04-11 20:19:23,9.72,9.76,9.76,9.72,20.13
2017-04-11 20:19:24,9.72,9.74,9.74,9.72,19.13
2017-04-11 20:19:26,9.72,9.74,9.74,9.72,18.169999999999998
2017-04-11 20:19:27,9.72,9.73,9.73,9.72,17.259999999999998
2017-04-11 20:19:29,9.72,9.72,9.72,9.72,16.4
2017-04-11 20:19:31,9.72,9.74,9.74,9.72,15.58
2017-04-11 20:19:32,9.72,9.74,9.74,9.72,14.799999999999999
2017-04-11 20:19:34,9.7,9.73,9.73,9.7,14.059999999999999
2017-04-11 20:19:36,9.76,9.77,9.76,9.77,134.52
2017-04-11 20:19:37,9.68,9.72,9.72,9.68,20.08
2017-04-11 20:19:39,9.66,9.75,9.75,9.66,19.080000000000002
2017-04-11 20:20:22,9.68,9.76,9.76,9.68,18.130000000000003
2017-04-11 20:20:24,9.69,9.7,9.7,9.69,18.13
2017-04-11 20:20:25,9.69,9.7,9.7,9.69,17.220000000000002
2017-04-11 20:20:27,9.69,9.7,9.7,9.69,16.310000000000002
2017-04-11 20:20:29,9.69,9.7,9.7,9.69,15.450000000000001
2017-04-11 20:20:44,9.69,9.74,9.74,9.69,13.86
2017-04-11 20:20:46,9.69,9.7,9.7,9.69,13.86
2017-04-11 20:20:48,9.69,9.7,9.7,9.69,13.86
2017-04-11 20:20:49,9.75,9.79,9.75,9.79,135.41
2017-04-11 20:20:53,9.69,9.73,9.73,9.69,18.55
2017-04-11 20:20:54,9.69,9.75,9.75,9.69,18.55
2017-04-11 20:20:56,9.69,9.71,9.71,9.69,17.58
2017-04-11 20:20:57,9.67,9.7,9.7,9.67,15.82
2017-04-11 20:20:59,9.68,9.69,9.69,9.68,15.03
2017-04-11 20:21:01,9.68,9.7,9.7,9.68,15.03
2017-04-11 20:21:34,9.75,9.79,9.75,9.79,185.61683291999998
2017-04-11 20:23:57,9.73,9.75,9.75,9.73,0.20700391
2017-04-11 20:25:12,9.67,9.74,9.74,9.67,200.0
2017-04-11 20:32:27,9.67,9.74,9.74,9.67,65.07446165
2017-04-11 20:37:09,9.74,9.74,9.74,9.74,0.01099965
2017-04-11 20:40:36,9.75,9.75,9.75,9.75,9.74
2017-04-11 20:41:46,9.75,9.75,9.75,9.75,9.58
2017-04-11 20:42:01,9.75,9.75,9.75,9.75,150.0
2017-04-11 20:42:42,9.75,9.75,9.75,9.75,0.9726
2017-04-11 20:42:47,9.75,9.75,9.75,9.75,2.001e-05
2017-04-11 20:43:17,9.72,9.76,9.76,9.72,40.0
2017-04-11 20:44:20,9.77,9.77,9.77,9.77,26.01
2017-04-11 20:44:21,9.78,9.8,9.78,9.8,202.71323258
2017-04-11 20:45:48,9.8,9.8,9.8,9.8,150.0
2017-04-11 20:47:17,9.8,9.8,9.8,9.8,42.631
2017-04-11 20:48:22,9.8,9.8,9.8,9.8,2.0
2017-04-11 20:48:37,9.79,9.79,9.79,9.79,1.1906814600000002
2017-04-11 20:51:12,9.8,9.8,9.8,9.8,62.100982699999996
2017-04-11 20:51:47,9.82,9.82,9.82,9.82,11.00669478
2017-04-11 20:52:15,9.74,9.81,9.81,9.74,13.53
2017-04-11 20:52:59,9.78,9.8,9.8,9.78,0.787892
2017-04-11 20:54:22,9.81,9.82,9.81,9.82,15.22927148
2017-04-11 20:54:56,9.82,9.82,9.82,9.82,157.666401
2017-04-11 20:55:22,9.82,9.82,9.82,9.82,63.765387
2017-04-11 20:55:30,9.82,9.82,9.82,9.82,26.569734
2017-04-11 20:55:33,9.82,9.82,9.82,9.82,63.765387000000004
2017-04-11 20:57:55,9.82,9.83,9.82,9.83,26.676719
2017-04-11 20:58:17,9.83,9.83,9.83,9.83,27.031308
2017-04-11 20:58:22,9.83,9.84,9.83,9.84,15.239622999999998
2017-04-11 20:58:31,9.84,9.85,9.84,9.85,20.24383701
2017-04-11 21:01:23,9.85,9.85,9.85,9.85,10.04397973
2017-04-11 21:03:52,9.82,9.84,9.84,9.82,167.0
2017-04-11 21:05:24,9.85,9.85,9.85,9.85,104.166861
2017-04-11 21:05:33,9.85,9.85,9.85,9.85,81.49499999999999
2017-04-11 21:06:15,9.85,9.85,9.85,9.85,87.21058273
2017-04-11 21:07:44,9.85,9.85,9.85,9.85,49.0
2017-04-11 21:09:21,9.85,9.85,9.85,9.85,85.0
2017-04-11 21:09:39,9.85,9.85,9.85,9.85,0.386
2017-04-11 21:09:58,9.86,9.86,9.86,9.86,39.542086999999995
2017-04-11 21:10:44,9.86,9.86,9.86,9.86,153.845225
2017-04-11 21:14:51,9.77,9.86,9.85,9.86,297.31016917
2017-04-11 21:14:58,9.86,9.86,9.86,9.86,0.266601
2017-04-11 21:15:26,9.86,9.86,9.86,9.86,0.166659
2017-04-11 21:15:32,9.86,9.87,9.87,9.86,7.464287
2017-04-11 21:15:35,9.86,9.86,9.86,9.86,0.16999999999999998
2017-04-11 21:16:03,9.86,9.86,9.86,9.86,0.16
2017-04-11 21:16:34,9.86,9.86,9.86,9.86,0.009999999999999998
2017-04-11 21:16:45,9.86,9.86,9.86,9.86,0.15000000000000002
2017-04-11 21:16:48,9.87,9.87,9.87,9.87,63.099000000000004
2017-04-11 21:17:02,9.87,9.87,9.87,9.87,24.817
2017-04-11 21:17:24,9.87,9.87,9.87,9.87,34.547071
2017-04-11 21:17:32,9.87,9.87,9.87,9.87,20.0
2017-04-11 21:18:16,9.88,9.88,9.88,9.88,10.09118393
2017-04-11 21:20:01,9.88,9.88,9.88,9.88,100.81092754
2017-04-11 21:21:38,9.88,9.88,9.88,9.88,0.60547103
2017-04-11 21:21:39,9.87,9.87,9.87,9.87,0.5
2017-04-11 21:21:55,9.86,9.87,9.87,9.86,25.000000000000004
2017-04-11 21:22:05,9.88,9.88,9.88,9.88,0.50455919
2017-04-11 21:23:54,9.88,9.88,9.88,9.88,129.948
2017-04-11 21:24:41,9.89,9.89,9.89,9.89,2.28419
2017-04-11 21:24:51,9.89,9.89,9.89,9.89,88.246246
2017-04-11 21:25:06,9.89,9.89,9.89,9.89,65.685886
2017-04-11 21:25:08,9.89,9.89,9.89,9.89,34.327792
2017-04-11 21:25:10,9.89,9.89,9.89,9.89,31.334831
2017-04-11 21:25:16,9.89,9.89,9.89,9.89,24.021055
2017-04-11 21:25:27,9.9,9.9,9.9,9.9,122.966126
2017-04-11 21:25:28,9.9,9.9,9.9,9.9,29.0
2017-04-11 21:25:35,9.9,9.9,9.9,9.9,9.59
2017-04-11 21:25:38,9.9,9.9,9.9,9.9,29.606205
2017-04-11 21:25:42,9.9,9.9,9.9,9.9,5.533307
2017-04-11 21:25:43,9.9,9.9,9.9,9.9,1.986501
2017-04-11 21:25:44,9.9,9.9,9.9,9.9,2.0
2017-04-11 21:25:45,9.9,9.9,9.9,9.9,1.0
2017-04-11 21:25:46,9.9,9.9,9.9,9.9,1.0
2017-04-11 21:25:53,9.9,9.9,9.9,9.9,2.714204
2017-04-11 21:25:57,9.9,9.9,9.9,9.9,1.986501
2017-04-11 21:26:00,9.9,9.9,9.9,9.9,102.6072691
2017-04-11 21:26:05,9.9,9.9,9.9,9.9,4.319182
2017-04-11 21:26:08,9.9,9.98,9.92,9.92,800.70230625
2017-04-11 21:27:35,9.97,9.98,9.97,9.98,21.5001933
2017-04-11 21:27:44,9.98,9.98,9.98,9.98,23.38675356
2017-04-11 21:28:14,9.95,9.97,9.97,9.95,25.650000000000002
2017-04-11 21:28:30,9.98,9.98,9.98,9.98,99.90069869999999
2017-04-11 21:29:28,9.98,9.99,9.98,9.99,400.0
2017-04-11 21:29:30,9.99,9.99,9.99,9.99,34.33144011
2017-04-11 21:29:40,9.99,9.99,9.99,9.99,9.74354214
2017-04-11 21:31:22,9.99,9.99,9.99,9.99,129.746982
2017-04-11 21:31:24,9.99,9.99,9.99,9.99,62.011136
2017-04-11 21:31:25,9.99,9.99,9.99,9.99,34.771253
2017-04-11 21:31:27,9.99,9.99,9.99,9.99,1.086293
2017-04-11 21:31:28,9.99,9.99,9.99,9.99,21.503155
2017-04-11 21:31:30,9.99,9.99,9.99,9.99,6.337925
2017-04-11 21:31:32,9.99,10.0,9.99,10.0,87.157276
2017-04-11 21:31:34,10.0,10.0,10.0,10.0,551.15952143
2017-04-11 21:32:02,10.0,10.0,10.0,10.0,29.55134596
2017-04-11 21:32:09,10.0,10.0,10.0,10.0,140.869038
2017-04-11 21:32:11,10.0,10.0,10.0,10.0,21.309139
2017-04-11 21:32:15,10.0,10.0,10.0,10.0,5.729698
2017-04-11 21:32:16,10.0,10.0,10.0,10.0,104.307189
2017-04-11 21:32:18,10.0,10.0,10.0,10.0,587.94217347
2017-04-11 21:32:19,10.0,10.0,10.0,10.0,24.186832
2017-04-11 21:32:21,10.0,10.0,10.0,10.0,296.2289273
2017-04-11 21:32:22,10.01,10.01,10.01,10.01,10.0
2017-04-11 21:33:39,10.02,10.02,10.02,10.02,8.13228975
2017-04-11 21:34:05,10.02,10.04,10.02,10.04,397.53717594
2017-04-11 21:34:40,10.03,10.03,10.03,10.03,1.15910897
2017-04-11 21:34:42,10.04,10.04,10.04,10.04,75.7687098
2017-04-11 21:35:42,10.03,10.03,10.03,10.03,24.85067231
2017-04-11 21:36:28,9.99,10.02,10.02,9.99,712.0068
2017-04-11 21:36:30,9.99,9.99,9.99,9.99,22.74688556
2017-04-11 21:37:26,10.0,10.02,10.02,10.0,36.66835866
2017-04-11 21:37:29,9.99,10.01,10.01,9.99,808.1335855299999
2017-04-11 21:37:45,9.99,10.01,10.01,9.99,175.14932769
2017-04-11 21:39:47,10.01,10.01,10.01,10.01,593.0
2017-04-11 21:40:03,10.01,10.01,10.01,10.01,0.6000000000000001
2017-04-11 21:40:19,9.99,10.01,10.01,9.99,65.0
2017-04-11 21:41:12,10.01,10.01,10.01,10.01,0.1
2017-04-11 21:41:16,10.01,10.01,10.01,10.01,0.05
2017-04-11 21:41:56,10.0,10.01,10.01,10.0,0.19999999999999998
2017-04-11 21:42:00,10.01,10.01,10.01,10.01,0.2
2017-04-11 21:42:04,9.98,10.01,10.01,9.98,0.5522131299999999
2017-04-11 21:42:12,9.98,9.98,9.98,9.98,0.2
2017-04-11 21:42:18,9.99,9.99,9.99,9.99,0.02
2017-04-11 21:42:22,9.99,9.99,9.99,9.99,0.13
2017-04-11 21:44:05,9.98,9.99,9.99,9.98,240.0
2017-04-11 21:44:19,9.97,9.99,9.99,9.97,10.000000000000002
2017-04-11 21:44:24,9.91,9.99,9.99,9.91,25.284071649999998
2017-04-11 21:44:30,9.99,10.0,9.99,10.0,45.94749843
2017-04-11 21:45:51,10.0,10.0,10.0,10.0,99.7008973
2017-04-11 21:46:26,9.99,9.99,9.99,9.99,65.554
2017-04-11 21:46:49,9.99,9.99,9.99,9.99,4.707498999999999
2017-04-11 21:47:49,9.98,9.98,9.98,9.98,97.768405
2017-04-11 21:47:58,9.99,9.99,9.99,9.99,15.06990539
2017-04-11 21:48:06,9.98,9.98,9.98,9.98,10.0
2017-04-11 21:48:32,9.98,9.98,9.98,9.98,19.397171
2017-04-11 21:49:15,9.9,9.97,9.97,9.9,556.3225956099999
2017-04-11 21:49:28,9.85,9.93,9.93,9.85,295.0000000000001
2017-04-11 21:49:36,9.85,9.9,9.9,9.85,194.00000000000003
2017-04-11 21:49:49,9.92,9.92,9.92,9.92,0.26
2017-04-11 21:49:53,9.93,9.93,9.93,9.93,0.16
2017-04-11 21:50:22,9.9,9.93,9.93,9.9,0.815218
2017-04-11 21:50:25,9.9,9.91,9.91,9.9,0.315384
2017-04-11 21:50:29,9.92,9.92,9.92,9.92,0.27
2017-04-11 21:50:33,9.91,9.92,9.92,9.91,0.665186
2017-04-11 21:50:38,9.91,9.92,9.92,9.91,0.327061
2017-04-11 21:51:08,9.91,9.92,9.92,9.91,0.429057
2017-04-11 21:51:14,9.91,9.91,9.91,9.91,0.266072
2017-04-11 21:51:15,9.93,9.93,9.93,9.93,5.02018616
2017-04-11 21:51:20,9.9,9.9,9.9,9.9,0.758951
2017-04-11 21:51:36,9.89,9.89,9.89,9.89,0.26
2017-04-11 21:52:20,9.88,9.89,9.89,9.88,0.01
2017-04-11 21:52:27,9.89,9.89,9.89,9.89,0.268298
2017-04-11 21:52:36,9.85,9.88,9.88,9.85,160.89053157
2017-04-11 21:52:44,9.88,9.88,9.88,9.88,0.155794
2017-04-11 21:52:49,9.88,9.88,9.88,9.88,0.25
2017-04-11 21:52:58,9.89,9.89,9.89,9.89,0.0483887
2017-04-11 21:53:04,9.85,9.88,9.88,9.85,31.43543734
2017-04-11 21:53:09,9.88,9.88,9.88,9.88,0.16
2017-04-11 21:53:50,9.87,9.88,9.88,9.87,0.01
2017-04-11 21:53:51,9.88,9.88,9.88,9.88,0.258696
2017-04-11 21:54:04,9.87,9.87,9.87,9.87,0.25
2017-04-11 21:54:10,9.86,9.87,9.87,9.86,25.760793
2017-04-11 21:54:13,9.86,9.86,9.86,9.86,22.139207
2017-04-11 21:54:18,9.88,9.88,9.88,9.88,0.31888141
2017-04-11 21:54:23,9.87,9.87,9.87,9.87,0.01
2017-04-11 21:54:34,9.87,9.87,9.87,9.87,2.6
2017-04-11 21:55:05,9.87,9.87,9.87,9.87,0.01
2017-04-11 21:55:09,9.87,9.87,9.87,9.87,0.11
2017-04-11 21:55:12,9.87,9.87,9.87,9.87,0.01
2017-04-11 21:55:32,9.87,9.87,9.87,9.87,0.01
2017-04-11 21:55:56,9.87,9.87,9.87,9.87,23.993022
2017-04-11 21:56:20,9.87,9.87,9.87,9.87,0.16
2017-04-11 21:56:56,9.86,9.87,9.87,9.86,0.01
2017-04-11 21:57:01,9.86,9.86,9.86,9.86,0.14517
2017-04-11 21:57:03,9.85,9.85,9.85,9.85,7.453414
2017-04-11 21:57:13,9.85,9.86,9.86,9.85,162.855991
2017-04-11 21:57:19,9.85,9.85,9.85,9.85,12.478579
2017-04-11 21:57:37,9.85,9.85,9.85,9.85,99.19072252000001
2017-04-11 21:57:49,9.84,9.84,9.84,9.84,0.166547
2017-04-11 21:57:56,9.84,9.84,9.84,9.84,0.265581
2017-04-11 21:58:00,9.85,9.85,9.85,9.85,3.9617189
2017-04-11 21:58:01,9.84,9.84,9.84,9.84,0.16
2017-04-11 21:58:10,9.83,9.84,9.84,9.83,0.01
2017-04-11 21:58:11,9.84,9.84,9.84,9.84,0.16
2017-04-11 21:58:19,9.83,9.84,9.84,9.83,0.01
2017-04-11 21:58:25,9.83,9.83,9.83,9.83,0.01
2017-04-11 21:58:27,9.84,9.84,9.84,9.84,0.15989
2017-04-11 21:58:38,9.83,9.83,9.83,9.83,0.24658277
2017-04-11 21:58:39,9.81,9.83,9.83,9.81,101.29177
2017-04-11 21:58:46,9.83,9.83,9.83,9.83,0.16
2017-04-11 21:58:58,9.82,9.83,9.83,9.82,0.01
2017-04-11 21:59:03,9.79,9.82,9.82,9.79,20.0
2017-04-11 21:59:28,9.82,9.82,9.82,9.82,0.16
2017-04-11 21:59:41,9.83,9.83,9.83,9.83,0.256725
2017-04-11 21:59:45,9.79,9.83,9.83,9.79,7.96969602
2017-04-11 21:59:52,9.83,9.83,9.83,9.83,0.159829
2017-04-11 21:59:59,9.82,9.83,9.83,9.82,1.143029
2017-04-11 22:00:01,9.82,9.82,9.82,9.82,0.27
2017-04-11 22:00:19,9.83,9.83,9.83,9.83,0.2567
2017-04-11 22:00:20,9.83,9.83,9.83,9.83,0.166739
2017-04-11 22:00:51,9.82,9.82,9.82,9.82,0.049247
2017-04-11 22:01:11,9.82,9.82,9.82,9.82,0.167157
2017-04-11 22:01:17,9.82,9.82,9.82,9.82,0.26
2017-04-11 22:02:12,9.83,9.84,9.83,9.84,99.71909
2017-04-11 22:02:13,9.83,9.83,9.83,9.83,0.16
2017-04-11 22:02:26,9.85,9.85,9.85,9.85,26.895121
2017-04-11 22:02:29,9.85,9.85,9.85,9.85,506.09592542
2017-04-11 22:02:46,9.85,9.85,9.85,9.85,123.916186
2017-04-11 22:02:48,9.85,9.85,9.85,9.85,1.433697
2017-04-11 22:02:52,9.85,9.85,9.85,9.85,13.815231
2017-04-11 22:03:01,9.85,9.85,9.85,9.85,16.03102668
2017-04-11 22:03:51,9.84,9.87,9.87,9.84,0.7520249999999999
2017-04-11 22:04:06,9.89,9.9,9.89,9.9,5.03564983
2017-04-11 22:04:48,9.9,9.93,9.9,9.93,191.52441652999997
2017-04-11 22:04:52,9.93,9.94,9.93,9.94,7.52732767
2017-04-11 22:05:19,9.86,9.91,9.91,9.86,1.462987
2017-04-11 22:08:50,9.91,9.91,9.91,9.91,0.01
2017-04-11 22:09:35,9.8,9.91,9.91,9.8,285.33246484
2017-04-11 22:09:58,9.9,9.9,9.9,9.9,0.01
2017-04-11 22:12:58,9.9,9.9,9.9,9.9,100.0
2017-04-11 22:13:05,9.9,9.9,9.9,9.9,0.4
2017-04-11 22:13:25,9.89,9.9,9.9,9.89,0.02
2017-04-11 22:13:45,9.9,9.9,9.9,9.9,0.01
2017-04-11 22:15:09,9.91,9.91,9.91,9.91,122.609678
2017-04-11 22:16:10,9.9,9.9,9.9,9.9,0.01
2017-04-11 22:16:40,9.9,9.9,9.9,9.9,0.01
2017-04-11 22:16:54,9.9,9.9,9.9,9.9,0.01
2017-04-11 22:17:13,9.9,9.9,9.9,9.9,200.0
2017-04-11 22:17:27,9.91,9.91,9.91,9.91,37.057417
2017-04-11 22:17:43,9.91,9.91,9.91,9.91,55.06
2017-04-11 22:17:48,9.86,9.9,9.9,9.86,2.9999999999999996
2017-04-11 22:17:50,9.88,9.88,9.88,9.88,0.01
2017-04-11 22:18:06,9.91,9.91,9.91,9.91,288.758927
2017-04-11 22:18:20,9.91,9.91,9.91,9.91,37.105628
2017-04-11 22:18:31,9.91,9.91,9.91,9.91,97.701
2017-04-11 22:19:27,9.91,9.91,9.91,9.91,20.482366
2017-04-11 22:19:45,9.91,9.91,9.91,9.91,17.652
2017-04-11 22:19:46,9.91,9.91,9.91,9.91,2.76171
2017-04-11 22:19:51,9.9,9.9,9.9,9.9,100.0
2017-04-11 22:19:53,9.91,9.91,9.91,9.91,38.375296
2017-04-11 22:20:11,9.91,9.91,9.91,9.91,25.0
2017-04-11 22:21:52,9.92,9.92,9.92,9.92,20.0
2017-04-11 22:22:33,9.92,9.92,9.92,9.92,166.15
2017-04-11 22:23:59,9.92,9.92,9.92,9.92,120.113941
2017-04-11 22:24:29,9.92,9.92,9.92,9.92,15.650151
2017-04-11 22:24:42,9.92,9.94,9.92,9.94,502.08852150999996
2017-04-11 22:26:12,9.94,9.94,9.94,9.94,75.68842767
2017-04-11 22:28:00,9.89,9.93,9.93,9.89,1.1012629999999999
2017-04-11 22:28:25,9.87,9.9,9.9,9.87,23.975104820000002
2017-04-11 22:29:05,9.9,9.9,9.9,9.9,55.362459
2017-04-11 22:29:36,9.87,9.9,9.9,9.87,144.373789
2017-04-11 22:31:38,9.9,9.9,9.9,9.9,0.569038
2017-04-11 22:32:24,9.89,9.89,9.89,9.89,0.152816
2017-04-11 22:35:27,9.86,9.88,9.88,9.86,67.75348901000001
2017-04-11 22:35:43,9.82,9.88,9.88,9.82,499.99999999999994
2017-04-11 22:36:01,9.81,9.87,9.87,9.81,500.0
2017-04-11 22:36:53,9.77,9.86,9.86,9.77,899.9999999999998
2017-04-11 22:36:54,9.85,9.85,9.85,9.85,0.256783
2017-04-11 22:37:15,9.81,9.85,9.85,9.81,65.57517555
2017-04-11 22:38:26,9.87,9.88,9.87,9.88,201.92489333
2017-04-11 22:41:16,9.88,9.88,9.88,9.88,15.55656915
2017-04-11 22:44:06,9.87,9.87,9.87,9.87,0.27999999999999997
2017-04-11 22:45:16,9.87,9.87,9.87,9.87,0.26
2017-04-11 22:45:34,9.87,9.87,9.87,9.87,0.01
2017-04-11 22:45:51,9.85,9.85,9.85,9.85,47.0
2017-04-11 22:45:56,9.85,9.85,9.85,9.85,2.9
2017-04-11 22:46:01,9.85,9.85,9.85,9.85,0.2
2017-04-11 22:46:08,9.85,9.85,9.85,9.85,0.01377623
2017-04-11 22:46:23,9.85,9.85,9.85,9.85,28.074084
2017-04-11 22:46:37,9.85,9.85,9.85,9.85,21.81213977
2017-04-11 22:47:00,9.75,9.84,9.84,9.75,538.0000000000002
2017-04-11 22:47:25,9.83,9.83,9.83,9.83,0.26
2017-04-11 22:48:33,9.82,9.83,9.83,9.82,0.17
2017-04-11 22:50:05,9.83,9.83,9.83,9.83,0.166425
2017-04-11 22:50:11,9.82,9.82,9.82,9.82,0.166135
2017-04-11 22:50:20,9.75,9.82,9.82,9.75,103.0
2017-04-11 22:50:28,9.81,9.81,9.81,9.81,0.26
2017-04-11 22:51:29,9.82,9.82,9.82,9.82,32.019999999999996
2017-04-11 22:51:42,9.83,9.83,9.83,9.83,12.807979
2017-04-11 22:51:43,9.83,9.83,9.83,9.83,4.497
2017-04-11 22:52:44,9.83,9.83,9.83,9.83,34.043420999999995
2017-04-11 22:52:47,9.83,9.83,9.83,9.83,22.494
2017-04-11 22:52:52,9.83,9.84,9.83,9.84,49.561768
2017-04-11 22:52:56,9.84,9.84,9.84,9.84,43.786001
2017-04-11 22:52:57,9.84,9.84,9.84,9.84,20.51
2017-04-11 22:53:00,9.84,9.84,9.84,9.84,49.37
2017-04-11 22:53:02,9.84,9.84,9.84,9.84,7.854
2017-04-11 22:53:13,9.84,9.84,9.84,9.84,49.87319
2017-04-11 22:53:14,9.84,9.84,9.84,9.84,45.008
2017-04-11 22:53:28,9.84,9.84,9.84,9.84,38.923835
2017-04-11 22:53:29,9.84,9.84,9.84,9.84,28.346971
2017-04-11 22:54:39,9.84,9.84,9.84,9.84,17.19254
2017-04-11 22:55:00,9.84,9.84,9.84,9.84,21.731295
2017-04-11 22:56:05,9.74,9.84,9.84,9.74,143.78522462999996
2017-04-11 22:57:02,9.75,9.84,9.84,9.75,48.40349728
2017-04-11 22:57:12,9.84,9.84,9.84,9.84,0.267176
2017-04-11 22:57:19,9.85,9.85,9.85,9.85,50.60959254
2017-04-11 22:57:20,9.84,9.84,9.84,9.84,0.265433
2017-04-11 22:57:44,9.84,9.84,9.84,9.84,0.16753
2017-04-11 22:57:49,9.83,9.83,9.83,9.83,0.26924
2017-04-11 22:58:16,9.82,9.82,9.82,9.82,0.267987
2017-04-11 22:59:19,9.83,9.83,9.83,9.83,0.16
2017-04-11 23:00:01,9.84,9.84,9.84,9.84,1.06
2017-04-11 23:00:16,9.83,9.83,9.83,9.83,0.009999999999999998
2017-04-11 23:01:35,9.83,9.83,9.83,9.83,0.16
2017-04-11 23:02:45,9.83,9.83,9.83,9.83,0.66
2017-04-11 23:02:49,9.84,9.84,9.84,9.84,0.00101321
2017-04-11 23:03:07,9.84,9.84,9.84,9.84,0.0101322
2017-04-11 23:03:15,9.84,9.84,9.84,9.84,0.0101322
2017-04-11 23:03:18,9.84,9.84,9.84,9.84,0.0101322
2017-04-11 23:03:22,9.84,9.84,9.84,9.84,0.0101322
2017-04-11 23:03:24,9.84,9.84,9.84,9.84,0.0101322
2017-04-11 23:03:28,9.84,9.84,9.84,9.84,0.0101322
2017-04-11 23:03:32,9.84,9.84,9.84,9.84,0.0101322
2017-04-11 23:03:37,9.84,9.84,9.84,9.84,0.0101322
2017-04-11 23:03:39,9.84,9.84,9.84,9.84,0.0101322
2017-04-11 23:03:41,9.84,9.84,9.84,9.84,0.0101322
2017-04-11 23:03:46,9.84,9.84,9.84,9.84,0.0101322
2017-04-11 23:03:48,9.84,9.84,9.84,9.84,0.0101322
2017-04-11 23:03:50,9.84,9.84,9.84,9.84,0.00607932
2017-04-11 23:03:53,9.84,9.84,9.84,9.84,0.0101322
2017-04-11 23:03:55,9.84,9.84,9.84,9.84,0.0101322
2017-04-11 23:03:58,9.84,9.84,9.84,9.84,0.0101322
2017-04-11 23:03:59,9.84,9.84,9.84,9.84,0.0101322
2017-04-11 23:04:02,9.84,9.84,9.84,9.84,0.0101322
2017-04-11 23:04:04,9.84,9.84,9.84,9.84,0.0101322
2017-04-11 23:04:08,9.83,9.83,9.83,9.83,0.155025
2017-04-11 23:04:11,9.84,9.84,9.84,9.84,0.0101322
2017-04-11 23:04:12,9.83,9.83,9.83,9.83,0.159485
2017-04-11 23:04:14,9.84,9.84,9.84,9.84,0.0101322
2017-04-11 23:04:19,9.83,9.83,9.83,9.83,0.267743
2017-04-11 23:04:30,9.83,9.83,9.83,9.83,0.277932
2017-04-11 23:07:12,9.83,9.83,9.83,9.83,0.176434
2017-04-11 23:08:37,9.78,9.83,9.83,9.78,100.00000000000001
2017-04-11 23:10:01,9.83,9.83,9.83,9.83,0.16
2017-04-11 23:12:14,9.75,9.83,9.83,9.75,5.0
2017-04-11 23:13:55,9.84,9.84,9.84,9.84,202.44282697
2017-04-11 23:14:18,9.85,9.85,9.85,9.85,25.01
2017-04-11 23:16:11,9.86,9.86,9.86,9.86,1.51674793
2017-04-11 23:18:59,9.86,9.86,9.86,9.86,30.283646
2017-04-11 23:19:00,9.86,9.87,9.86,9.87,94.218785
2017-04-11 23:19:30,9.87,9.87,9.87,9.87,21.443829
2017-04-11 23:20:03,9.87,9.87,9.87,9.87,165.874142
2017-04-11 23:20:10,9.87,9.87,9.87,9.87,19.976999
2017-04-11 23:20:56,9.76,9.87,9.87,9.76,100.00000000000003
2017-04-11 23:21:06,9.83,9.83,9.83,9.83,0.26
2017-04-11 23:21:09,9.84,9.85,9.85,9.84,0.42000000000000004
2017-04-11 23:21:13,9.83,9.86,9.86,9.83,0.52624
2017-04-11 23:21:18,9.83,9.84,9.84,9.83,0.42
2017-04-11 23:21:22,9.84,9.86,9.86,9.84,0.588133
2017-04-11 23:21:25,9.84,9.85,9.85,9.84,0.62
2017-04-11 23:21:29,9.84,9.85,9.85,9.84,0.265162
2017-04-11 23:21:33,9.84,9.85,9.85,9.84,0.429232
2017-04-11 23:21:36,9.84,9.85,9.85,9.84,0.726072
2017-04-11 23:21:40,9.84,9.85,9.85,9.84,1.03
2017-04-11 23:21:45,9.84,9.85,9.85,9.84,0.26999999999999996
2017-04-11 23:21:49,9.85,9.86,9.86,9.85,0.9280440000000001
2017-04-11 23:21:53,9.85,9.86,9.86,9.85,0.5269900000000001
2017-04-11 23:21:59,9.85,9.85,9.85,9.85,0.16
2017-04-11 23:22:06,9.85,9.86,9.86,9.85,0.25561900000000004
2017-04-11 23:22:11,9.85,9.85,9.85,9.85,0.26
2017-04-11 23:23:28,9.84,9.84,9.84,9.84,0.268959
2017-04-11 23:23:59,9.85,9.87,9.86,9.85,88.100595
2017-04-11 23:24:46,9.87,9.87,9.87,9.87,10.13
2017-04-11 23:24:53,9.88,9.88,9.88,9.88,168.9694
2017-04-11 23:25:42,9.88,9.88,9.88,9.88,148.617704
2017-04-11 23:25:57,9.88,9.88,9.88,9.88,72.412896
2017-04-11 23:26:06,9.89,9.89,9.89,9.89,1.01214575
2017-04-11 23:26:16,9.9,9.9,9.9,9.9,1.53176833
2017-04-11 23:27:53,9.9,9.9,9.9,9.9,30.21239312
2017-04-11 23:32:19,9.9,9.9,9.9,9.9,1.1148373
2017-04-11 23:33:30,9.89,9.89,9.89,9.89,40.86130725
2017-04-11 23:34:07,9.9,9.9,9.9,9.9,95.398572
2017-04-11 23:34:09,9.9,9.9,9.9,9.9,68.320001
2017-04-11 23:34:15,9.9,9.9,9.9,9.9,71.956
2017-04-11 23:35:04,9.9,9.9,9.9,9.9,7.78228274
2017-04-11 23:35:12,9.9,9.9,9.9,9.9,63.626
2017-04-11 23:35:26,9.9,9.9,9.9,9.9,2.4600869999999997
2017-04-11 23:36:12,9.9,9.91,9.9,9.91,48.359835999999994
2017-04-11 23:36:16,9.91,9.91,9.91,9.91,4.865052
2017-04-11 23:36:54,9.91,9.92,9.91,9.92,1.005e-05
2017-04-11 23:36:58,9.92,9.92,9.92,9.92,62.922408000000004
2017-04-11 23:37:00,9.92,9.92,9.92,9.92,81.438542
2017-04-11 23:37:04,9.92,9.92,9.92,9.92,93.298462
2017-04-11 23:37:09,9.92,9.92,9.92,9.92,108.154028
2017-04-11 23:37:24,9.92,9.92,9.92,9.92,121.91682
2017-04-11 23:37:35,9.92,9.92,9.92,9.92,48.19916
2017-04-11 23:37:39,9.92,9.92,9.92,9.92,165.972
2017-04-11 23:37:41,9.92,9.92,9.92,9.92,139.97
2017-04-11 23:37:51,9.92,9.92,9.92,9.92,17.35804
2017-04-11 23:37:56,9.92,9.92,9.92,9.92,5.02524683
2017-04-11 23:38:05,9.92,9.92,9.92,9.92,157.975
2017-04-11 23:38:23,9.92,9.92,9.92,9.92,163.306
2017-04-11 23:38:47,9.92,9.92,9.92,9.92,304.746
2017-04-11 23:40:26,9.92,9.92,9.92,9.92,140.653
2017-04-11 23:40:28,9.92,9.92,9.92,9.92,34.915
2017-04-11 23:40:43,9.92,9.92,9.92,9.92,5.0
2017-04-11 23:41:09,9.92,9.92,9.92,9.92,58.721
2017-04-11 23:41:25,9.92,9.92,9.92,9.92,24.485
2017-04-11 23:41:37,9.92,9.92,9.92,9.92,82.791968
2017-04-11 23:41:38,9.92,9.92,9.92,9.92,27.241931
2017-04-11 23:45:50,9.92,9.92,9.92,9.92,58.510588
2017-04-11 23:46:33,9.92,9.92,9.92,9.92,162.189448
2017-04-11 23:47:01,9.92,9.93,9.92,9.93,7.71488831
2017-04-11 23:59:53,9.92,9.92,9.92,9.92,1.17813552
2017-04-12 00:03:04,9.93,9.93,9.93,9.93,11.04440956
2017-04-12 00:03:29,9.93,9.93,9.93,9.93,10.04037233
2017-04-12 00:03:57,9.93,9.93,9.93,9.93,14.698101059999999
2017-04-12 00:04:06,9.92,9.92,9.92,9.92,1.27126452
2017-04-12 00:08:02,9.91,9.92,9.92,9.91,1.069483
2017-04-12 00:10:04,9.83,9.91,9.91,9.83,1.64538
2017-04-12 00:10:30,9.89,9.91,9.91,9.89,0.6675
2017-04-12 00:10:32,9.83,9.88,9.88,9.83,1.4123459999999999
2017-04-12 00:13:16,9.89,9.89,9.89,9.89,4.0323922
2017-04-12 00:13:28,9.88,9.88,9.88,9.88,44.103891
2017-04-12 00:13:38,9.88,9.88,9.88,9.88,4.065996
2017-04-12 00:22:06,9.75,9.88,9.88,9.88,428.0
2017-04-12 00:22:22,9.87,9.87,9.87,9.87,0.965679
2017-04-12 00:22:48,9.87,9.87,9.87,9.87,0.26
2017-04-12 00:23:37,9.87,9.87,9.87,9.87,0.158342
2017-04-12 00:23:43,9.87,9.87,9.87,9.87,0.16718
2017-04-12 00:23:52,9.87,9.88,9.88,9.87,2.28412678
2017-04-12 00:23:56,9.87,9.87,9.87,9.87,0.26857410000000004
2017-04-12 00:24:20,9.87,9.87,9.87,9.87,0.259032
2017-04-12 00:24:39,9.87,9.87,9.87,9.87,0.165716
2017-04-12 00:25:17,9.87,9.87,9.87,9.87,0.267755
2017-04-12 00:26:32,9.87,9.87,9.87,9.87,0.156479
2017-04-12 00:27:34,9.87,9.89,9.88,9.87,83.64013874
2017-04-12 00:28:14,9.88,9.88,9.88,9.88,0.66
2017-04-12 00:28:25,9.73,9.88,9.88,9.73,430.33812397
2017-04-12 00:28:40,9.85,9.85,9.85,9.85,0.26
2017-04-12 00:28:43,9.86,9.87,9.87,9.86,0.53
2017-04-12 00:29:04,9.88,9.88,9.88,9.88,0.27
2017-04-12 00:29:15,9.88,9.88,9.88,9.88,5.0
2017-04-12 00:29:44,9.88,9.88,9.88,9.88,1.0
2017-04-12 00:30:38,9.88,9.88,9.88,9.88,1.81704611
2017-04-12 00:31:42,9.88,9.88,9.88,9.88,0.26
2017-04-12 00:32:08,9.87,9.88,9.88,9.87,0.167972
2017-04-12 00:32:22,9.87,9.87,9.87,9.87,0.25
2017-04-12 00:33:49,9.89,9.94,9.89,9.94,4190.60126782
2017-04-12 00:33:50,9.94,9.94,9.94,9.94,140.146834
2017-04-12 00:33:51,9.94,9.94,9.94,9.94,258.62418
2017-04-12 00:33:52,9.94,9.94,9.94,9.94,15.219999999999999
2017-04-12 00:33:54,9.94,9.94,9.94,9.94,53.516635
2017-04-12 00:33:57,9.94,9.94,9.94,9.94,179.936337
2017-04-12 00:33:58,9.94,9.94,9.94,9.94,227.93
2017-04-12 00:33:59,9.94,9.94,9.94,9.94,117.7896
2017-04-12 00:34:00,9.94,9.94,9.94,9.94,505.64763899999997
2017-04-12 00:34:20,9.94,9.94,9.94,9.94,60.77032
2017-04-12 00:34:25,9.94,9.94,9.94,9.94,32.339848
2017-04-12 00:34:48,9.94,9.94,9.94,9.94,15.139194
2017-04-12 00:35:03,9.94,9.94,9.94,9.94,0.4
2017-04-12 00:35:09,9.94,9.94,9.94,9.94,100.0
2017-04-12 00:35:20,9.94,9.94,9.94,9.94,169.347487
2017-04-12 00:35:27,9.94,9.94,9.94,9.94,46.931996
2017-04-12 00:35:30,9.94,9.94,9.94,9.94,158.686
2017-04-12 00:35:40,9.94,9.94,9.94,9.94,160.641
2017-04-12 00:35:48,9.94,9.94,9.94,9.94,175.568
2017-04-12 00:35:58,9.94,9.94,9.94,9.94,166.683
2017-04-12 00:35:59,9.94,9.94,9.94,9.94,14.60718
2017-04-12 00:36:10,9.94,9.94,9.94,9.94,168.896485
2017-04-12 00:36:14,9.94,9.94,9.94,9.94,142.8
2017-04-12 00:36:35,9.94,9.94,9.94,9.94,39.919374
2017-04-12 00:37:02,9.95,9.95,9.95,9.95,250.5047671
2017-04-12 00:37:03,9.95,9.98,9.95,9.98,1276.48628536
2017-04-12 00:37:05,9.94,9.94,9.94,9.94,63.184952
2017-04-12 00:37:07,9.94,9.95,9.95,9.94,22.092768720000002
2017-04-12 00:37:24,9.96,9.96,9.96,9.96,40.6861744
2017-04-12 00:37:49,9.94,9.95,9.95,9.94,1721.233043
2017-04-12 00:37:54,9.96,9.96,9.96,9.96,100.10130251000001
2017-04-12 00:38:53,9.96,9.96,9.96,9.96,5.00506512
2017-04-12 00:39:15,9.96,9.96,9.96,9.96,5.00506512
2017-04-12 00:41:55,9.95,9.95,9.95,9.95,104.63816
2017-04-12 00:42:41,9.95,9.95,9.95,9.95,27.984447
2017-04-12 00:42:56,9.95,9.95,9.95,9.95,43.114969
2017-04-12 00:43:22,9.95,9.95,9.95,9.95,159.054625
2017-04-12 00:46:54,9.95,9.95,9.95,9.95,2.486987
2017-04-12 00:47:08,9.95,9.95,9.95,9.95,172.87910724
2017-04-12 00:47:34,9.95,9.95,9.95,9.95,43.357875
2017-04-12 00:47:37,9.95,9.95,9.95,9.95,46.64
2017-04-12 00:50:24,9.96,9.96,9.96,9.96,4.80486252
2017-04-12 00:51:37,9.94,9.95,9.95,9.94,153.97176099999996
2017-04-12 00:53:07,9.94,9.94,9.94,9.94,1.0
2017-04-12 00:54:15,9.94,9.95,9.95,9.94,61.471438
2017-04-12 00:54:49,9.94,9.94,9.94,9.94,339.774625
2017-04-12 00:54:52,9.94,9.94,9.94,9.94,161.707
2017-04-12 00:54:53,9.94,9.94,9.94,9.94,49.381188
2017-04-12 00:54:55,9.94,9.94,9.94,9.94,50.0
