2017-02-12 00:00:13,11.5,11.5,11.5,11.5,0.4327
2017-02-12 00:03:14,11.5,11.5,11.5,11.5,0.8677
2017-02-12 00:05:54,11.49,11.49,11.49,11.49,5.1907
2017-02-12 00:07:05,11.49,11.49,11.49,11.49,12.876591
2017-02-12 00:07:09,11.5,11.51,11.5,11.51,13.0
2017-02-12 00:09:59,11.5,11.5,11.5,11.5,1.7309
2017-02-12 00:10:41,11.5,11.51,11.5,11.51,8.645900000000001
2017-02-12 00:11:48,11.5,11.51,11.5,11.51,84.45079999999999
2017-02-12 00:12:25,11.5,11.51,11.5,11.51,4.7584
2017-02-12 00:15:47,11.51,11.51,11.51,11.51,0.6955
2017-02-12 00:16:34,11.49,11.49,11.49,11.49,47.534259
2017-02-12 00:17:09,11.5,11.5,11.5,11.5,0.1903
2017-02-12 00:18:37,11.49,11.49,11.49,11.49,2.012844
2017-02-12 00:18:48,11.49,11.49,11.49,11.49,1.00858
2017-02-12 00:19:57,11.49,11.49,11.49,11.49,36.670441
2017-02-12 00:20:52,11.49,11.49,11.49,11.49,2.8555960000000002
2017-02-12 00:20:56,11.49,11.49,11.49,11.49,1.0
2017-02-12 00:21:24,11.49,11.49,11.49,11.49,1.0
2017-02-12 00:23:13,11.5,11.5,11.5,11.5,21.5132
2017-02-12 00:23:20,11.49,11.49,11.49,11.49,46.841466
2017-02-12 00:24:59,11.5,11.5,11.5,11.5,0.6
2017-02-12 00:25:07,11.49,11.49,11.49,11.49,3.884551
2017-02-12 00:25:56,11.49,11.49,11.49,11.49,2.0
2017-02-12 00:29:33,11.49,11.49,11.49,11.49,5.997
2017-02-12 00:35:02,11.5,11.5,11.5,11.5,10.001199999999999
2017-02-12 00:36:31,11.5,11.5,11.5,11.5,13.411200000000001
2017-02-12 00:36:32,11.49,11.49,11.49,11.49,12.933364000000001
2017-02-12 00:37:13,11.49,11.49,11.49,11.49,93.99
2017-02-12 00:37:35,11.49,11.49,11.49,11.49,6.857834
2017-02-12 00:46:12,11.49,11.5,11.49,11.5,105.68649999999998
2017-02-12 00:47:12,11.5,11.5,11.5,11.5,8.6536
2017-02-12 00:49:10,11.49,11.49,11.49,11.49,4.310236
2017-02-12 00:49:21,11.5,11.51,11.5,11.51,100.0
2017-02-12 00:49:29,11.49,11.49,11.49,11.49,5.259135
2017-02-12 00:49:57,11.5,11.5,11.5,11.5,2.5934999999999997
2017-02-12 00:51:15,11.49,11.49,11.49,11.49,1.005189
2017-02-12 00:52:22,11.49,11.49,11.49,11.49,0.1104
2017-02-12 00:58:03,11.49,11.49,11.49,11.49,12.556485000000002
2017-02-12 00:58:17,11.49,11.49,11.49,11.49,12.999999999999998
2017-02-12 00:58:20,11.49,11.49,11.49,11.49,1.024303
2017-02-12 00:59:03,11.49,11.49,11.49,11.49,9.8571
2017-02-12 01:00:35,11.49,11.49,11.49,11.49,6.028642
2017-02-12 01:00:51,11.49,11.49,11.49,11.49,6.703334
2017-02-12 01:01:51,11.5,11.5,11.5,11.5,6.0408
2017-02-12 01:02:15,11.49,11.49,11.49,11.49,10.902656
2017-02-12 01:03:18,11.5,11.5,11.5,11.5,25.9575
2017-02-12 01:03:26,11.49,11.49,11.49,11.49,8.763296
2017-02-12 01:03:39,11.49,11.49,11.49,11.49,3.448048
2017-02-12 01:03:53,11.49,11.49,11.49,11.49,13.0
2017-02-12 01:04:06,11.49,11.49,11.49,11.49,4.813655
2017-02-12 01:06:04,11.48,11.49,11.49,11.48,1.0003
2017-02-12 01:06:34,11.49,11.5,11.49,11.5,10.0
2017-02-12 01:07:29,11.48,11.48,11.48,11.48,12.0
2017-02-12 01:13:39,11.49,11.49,11.49,11.49,8.6629
2017-02-12 01:15:48,11.49,11.5,11.49,11.5,17.1449
2017-02-12 01:18:36,11.48,11.48,11.48,11.48,4.5107
2017-02-12 01:19:45,11.49,11.5,11.49,11.5,7.3652999999999995
2017-02-12 01:20:19,11.5,11.5,11.5,11.5,4.3262
2017-02-12 01:20:28,11.5,11.54,11.5,11.54,863.2057
2017-02-12 01:21:25,11.5,11.52,11.52,11.5,2.1790000000000007
2017-02-12 01:23:38,11.53,11.53,11.53,11.53,4.1799
2017-02-12 01:24:02,11.5,11.5,11.5,11.5,5.523342
2017-02-12 01:24:25,11.5,11.51,11.51,11.5,3.289957
2017-02-12 01:24:49,11.5,11.5,11.5,11.5,6.939166
2017-02-12 01:25:20,11.49,11.5,11.5,11.49,20.738
2017-02-12 01:26:26,11.5,11.5,11.5,11.5,13.497699999999998
2017-02-12 01:30:03,11.5,11.52,11.5,11.52,9.187100000000001
2017-02-12 01:35:14,11.49,11.51,11.51,11.49,6.320995000000001
2017-02-12 01:35:24,11.5,11.5,11.5,11.5,1.1142
2017-02-12 01:36:20,11.49,11.49,11.49,11.49,2.0
2017-02-12 01:36:33,11.49,11.49,11.49,11.49,0.0874
2017-02-12 01:37:36,11.5,11.5,11.5,11.5,5.951899999999999
2017-02-12 01:38:13,11.5,11.52,11.5,11.52,2.1617
2017-02-12 01:38:54,11.5,11.51,11.51,11.5,89.04256300000002
2017-02-12 01:42:23,11.49,11.49,11.49,11.49,29.04063800000001
2017-02-12 01:42:33,11.49,11.49,11.49,11.49,1.524062
2017-02-12 01:43:29,11.5,11.5,11.5,11.5,1.0017
2017-02-12 01:43:37,11.5,11.5,11.5,11.5,8.3063
2017-02-12 01:43:44,11.49,11.49,11.49,11.49,6.615001000000001
2017-02-12 01:44:04,11.49,11.49,11.49,11.49,2.692999
2017-02-12 01:45:36,11.5,11.5,11.5,11.5,16.9673
2017-02-12 01:45:45,11.49,11.49,11.49,11.49,0.8903
2017-02-12 01:45:59,11.49,11.49,11.49,11.49,3.0
2017-02-12 01:46:00,11.49,11.49,11.49,11.49,2.0
2017-02-12 01:47:13,11.5,11.5,11.5,11.5,10.0
2017-02-12 01:50:22,11.49,11.49,11.49,11.49,1.0
2017-02-12 01:50:57,11.49,11.49,11.49,11.49,4.0
2017-02-12 01:51:42,11.5,11.5,11.5,11.5,109.1584
2017-02-12 01:56:38,11.5,11.5,11.5,11.5,2.0013
2017-02-12 01:58:07,11.49,11.49,11.49,11.49,1.529035
2017-02-12 02:01:32,11.5,11.5,11.5,11.5,0.1894
2017-02-12 02:02:12,11.5,11.51,11.5,11.51,19.384700000000002
2017-02-12 02:06:00,11.5,11.51,11.51,11.5,1.0
2017-02-12 02:10:23,11.5,11.5,11.5,11.5,1.0058
2017-02-12 02:13:34,11.5,11.5,11.5,11.5,2.8557
2017-02-12 02:15:29,11.5,11.5,11.5,11.5,3.3061
2017-02-12 02:17:26,11.49,11.49,11.49,11.49,25.533700000000007
2017-02-12 02:22:32,11.49,11.49,11.49,11.49,1.0779
2017-02-12 02:27:15,11.5,11.5,11.5,11.5,42.0017
2017-02-12 02:30:57,11.49,11.49,11.49,11.49,8.0
2017-02-12 02:30:58,11.49,11.49,11.49,11.49,1.0
2017-02-12 02:31:02,11.49,11.49,11.49,11.49,4.0
2017-02-12 02:31:06,11.49,11.49,11.49,11.49,3.0
2017-02-12 02:33:42,11.5,11.5,11.5,11.5,25.0021
2017-02-12 02:35:56,11.49,11.49,11.49,11.49,7.0
2017-02-12 02:36:21,11.49,11.49,11.49,11.49,4.953389
2017-02-12 02:37:09,11.49,11.49,11.49,11.49,1.010009
2017-02-12 02:39:53,11.49,11.49,11.49,11.49,5.712586
2017-02-12 02:40:11,11.49,11.49,11.49,11.49,13.039374
2017-02-12 02:40:33,11.49,11.49,11.49,11.49,20.93312
2017-02-12 02:40:56,11.49,11.49,11.49,11.49,7.0
2017-02-12 02:41:34,11.49,11.49,11.49,11.49,34.948522
2017-02-12 02:41:36,11.49,11.49,11.49,11.49,4.415246
2017-02-12 02:41:42,11.49,11.49,11.49,11.49,1.075411
2017-02-12 02:45:42,11.5,11.5,11.5,11.5,11.2774
2017-02-12 02:45:57,11.49,11.49,11.49,11.49,7.0
2017-02-12 02:46:00,11.49,11.49,11.49,11.49,6.0
2017-02-12 02:46:01,11.49,11.49,11.49,11.49,4.0
2017-02-12 02:46:03,11.49,11.49,11.49,11.49,8.0
2017-02-12 02:46:06,11.49,11.49,11.49,11.49,4.0
2017-02-12 02:46:08,11.49,11.49,11.49,11.49,2.0
2017-02-12 02:49:15,11.5,11.5,11.5,11.5,5.2643
2017-02-12 02:49:39,11.49,11.49,11.49,11.49,1.001262
2017-02-12 02:51:00,11.49,11.49,11.49,11.49,2.0
2017-02-12 02:51:05,11.49,11.49,11.49,11.49,1.0
2017-02-12 02:51:06,11.49,11.49,11.49,11.49,2.0
2017-02-12 02:51:07,11.49,11.49,11.49,11.49,4.0
2017-02-12 02:55:34,11.49,11.49,11.49,11.49,1.003441
2017-02-12 02:57:35,11.49,11.49,11.49,11.49,4.0
2017-02-12 02:57:41,11.49,11.49,11.49,11.49,2.0
2017-02-12 02:59:04,11.48,11.49,11.49,11.48,103.42730000000002
2017-02-12 02:59:08,11.49,11.49,11.49,11.49,1.6681
2017-02-12 03:02:07,11.47,11.48,11.48,11.47,88.176552
2017-02-12 03:04:00,11.49,11.49,11.49,11.49,1.0004
2017-02-12 03:07:59,11.48,11.48,11.48,11.48,0.9996
2017-02-12 03:11:32,11.49,11.49,11.49,11.49,1.0232
2017-02-12 03:13:38,11.48,11.48,11.48,11.48,1.024
2017-02-12 03:18:54,11.49,11.49,11.49,11.49,8.7589
2017-02-12 03:19:18,11.48,11.48,11.48,11.48,1.005385
2017-02-12 03:19:38,11.48,11.48,11.48,11.48,7.753515
2017-02-12 03:19:53,11.49,11.49,11.49,11.49,2.1654
2017-02-12 03:22:07,11.48,11.48,11.48,11.48,1.0
2017-02-12 03:26:02,11.47,11.48,11.48,11.47,31.762661
2017-02-12 03:26:35,11.47,11.47,11.47,11.47,30.969299
2017-02-12 03:26:42,11.47,11.47,11.47,11.47,9.29075
2017-02-12 03:27:35,11.47,11.47,11.47,11.47,15.000186
2017-02-12 03:27:49,11.47,11.47,11.47,11.47,1.015318
2017-02-12 03:28:15,11.47,11.47,11.47,11.47,4.96
2017-02-12 03:28:39,11.47,11.47,11.47,11.47,1.000589
2017-02-12 03:30:31,11.47,11.47,11.47,11.47,2.838408
2017-02-12 03:32:05,11.47,11.47,11.47,11.47,10.05086
2017-02-12 03:32:16,11.48,11.48,11.48,11.48,0.7993
2017-02-12 03:32:46,11.47,11.47,11.47,11.47,4.804086
2017-02-12 03:33:58,11.47,11.47,11.47,11.47,1.8547
2017-02-12 03:34:26,11.48,11.48,11.48,11.48,6.5207
2017-02-12 03:34:52,11.47,11.47,11.47,11.47,11.564174000000003
2017-02-12 03:38:45,11.48,11.48,11.48,11.48,0.6387
2017-02-12 03:44:03,11.48,11.48,11.48,11.48,9.0527
2017-02-12 03:46:43,11.48,11.48,11.48,11.48,7.5334
2017-02-12 03:46:46,11.47,11.47,11.47,11.47,1.525655
2017-02-12 03:47:21,11.47,11.47,11.47,11.47,24.411222000000002
2017-02-12 03:51:26,11.46,11.47,11.47,11.46,1.0005600000000001
2017-02-12 03:55:35,11.46,11.46,11.46,11.46,1.0
2017-02-12 03:58:19,11.47,11.47,11.47,11.47,60.1105
2017-02-12 03:58:24,11.46,11.46,11.46,11.46,2.397615
2017-02-12 04:01:34,11.47,11.47,11.47,11.47,10.0923
2017-02-12 04:03:48,11.46,11.46,11.46,11.46,2.23917
2017-02-12 04:05:16,11.46,11.46,11.46,11.46,1.9979
2017-02-12 04:06:15,11.46,11.46,11.46,11.46,13.0
2017-02-12 04:07:16,11.46,11.46,11.46,11.46,11.8489
2017-02-12 04:11:40,11.46,11.46,11.46,11.46,2.0400370000000003
2017-02-12 04:12:30,11.47,11.47,11.47,11.47,0.218
2017-02-12 04:16:10,11.47,11.47,11.47,11.47,1.3845
2017-02-12 04:18:06,11.47,11.47,11.47,11.47,17.353
2017-02-12 04:23:41,11.47,11.47,11.47,11.47,42.080600000000004
2017-02-12 04:24:49,11.46,11.46,11.46,11.46,5.472504
2017-02-12 04:26:57,11.47,11.47,11.47,11.47,1.6842
2017-02-12 04:29:24,11.46,11.46,11.46,11.46,0.2208
2017-02-12 04:31:09,11.47,11.47,11.47,11.47,32.9037
2017-02-12 04:33:08,11.47,11.47,11.47,11.47,6.4367
2017-02-12 04:34:21,11.46,11.46,11.46,11.46,2.0143
2017-02-12 04:37:01,11.47,11.47,11.47,11.47,1.9999999999999998
2017-02-12 04:38:23,11.46,11.46,11.46,11.46,43.483614
2017-02-12 04:41:26,11.46,11.46,11.46,11.46,0.0802
2017-02-12 04:42:50,11.46,11.46,11.46,11.46,1.5642
2017-02-12 04:44:48,11.46,11.46,11.46,11.46,5.2095
2017-02-12 04:45:45,11.46,11.46,11.46,11.46,5.5368
2017-02-12 04:46:51,11.45,11.45,11.45,11.45,1.132284
2017-02-12 04:47:24,11.45,11.45,11.45,11.45,29.540088
2017-02-12 04:48:50,11.46,11.46,11.46,11.46,3.0401
2017-02-12 04:50:47,11.45,11.45,11.45,11.45,22.910999999999994
2017-02-12 04:51:35,11.45,11.45,11.45,11.45,1.5711300000000001
2017-02-12 04:53:53,11.46,11.46,11.46,11.46,0.1893
2017-02-12 04:54:48,11.46,11.46,11.46,11.46,4.2544
2017-02-12 04:55:37,11.45,11.45,11.45,11.45,2.0
2017-02-12 04:56:14,11.45,11.45,11.45,11.45,1.124431
2017-02-12 04:56:57,11.46,11.46,11.46,11.46,17.365199999999998
2017-02-12 04:57:25,11.45,11.45,11.45,11.45,1.549464
2017-02-12 04:59:19,11.45,11.45,11.45,11.45,10.54174
2017-02-12 05:01:49,11.45,11.45,11.45,11.45,1.52683
2017-02-12 05:01:53,11.45,11.45,11.45,11.45,1.27137
2017-02-12 05:02:06,11.45,11.45,11.45,11.45,1.31826
2017-02-12 05:03:37,11.46,11.46,11.46,11.46,5.9046
2017-02-12 05:05:24,11.46,11.46,11.46,11.46,6.0
2017-02-12 05:07:34,11.46,11.46,11.46,11.46,1.8498
2017-02-12 05:14:15,11.46,11.5,11.46,11.5,176.9014
2017-02-12 05:14:21,11.48,11.48,11.48,11.48,1.86708
2017-02-12 05:14:51,11.48,11.48,11.48,11.48,6.3549999999999995
2017-02-12 05:15:57,11.48,11.48,11.48,11.48,7.0
2017-02-12 05:16:01,11.49,11.49,11.49,11.49,9.9516
2017-02-12 05:17:31,11.49,11.49,11.49,11.49,10.001199999999999
2017-02-12 05:19:46,11.49,11.49,11.49,11.49,4.4239
2017-02-12 05:19:50,11.48,11.48,11.48,11.48,2.4028289999999997
2017-02-12 05:20:19,11.48,11.48,11.48,11.48,2.323375
2017-02-12 05:20:58,11.48,11.48,11.48,11.48,5.98751
2017-02-12 05:21:00,11.48,11.48,11.48,11.48,1.0
2017-02-12 05:21:09,11.49,11.49,11.49,11.49,5.4082
2017-02-12 05:23:43,11.49,11.49,11.49,11.49,2.0021
2017-02-12 05:25:02,11.48,11.48,11.48,11.48,2.0
2017-02-12 05:26:00,11.48,11.48,11.48,11.48,2.0
2017-02-12 05:26:01,11.48,11.48,11.48,11.48,3.0
2017-02-12 05:26:02,11.48,11.48,11.48,11.48,1.0
2017-02-12 05:26:04,11.47,11.48,11.48,11.47,8.0
2017-02-12 05:28:12,11.47,11.47,11.47,11.47,22.732000000000003
2017-02-12 05:28:35,11.48,11.48,11.48,11.48,1.0014
2017-02-12 05:31:42,11.46,11.47,11.47,11.46,17.400000000000002
2017-02-12 05:31:45,11.47,11.47,11.47,11.47,5.4129
2017-02-12 05:36:00,11.46,11.46,11.46,11.46,2.0
2017-02-12 05:36:06,11.46,11.46,11.46,11.46,1.0
2017-02-12 05:36:07,11.47,11.48,11.47,11.48,19.7897
2017-02-12 05:36:14,11.48,11.49,11.48,11.49,86.6488
2017-02-12 05:37:18,11.48,11.48,11.48,11.48,2.0
2017-02-12 05:37:49,11.49,11.49,11.49,11.49,2.0017
2017-02-12 05:38:08,11.49,11.49,11.49,11.49,0.7287
2017-02-12 05:39:13,11.48,11.48,11.48,11.48,2.333986
2017-02-12 05:41:00,11.48,11.48,11.48,11.48,4.0
2017-02-12 05:41:08,11.48,11.48,11.48,11.48,5.337887
2017-02-12 05:41:09,11.49,11.52,11.49,11.52,300.00000000000006
2017-02-12 05:41:10,11.48,11.48,11.48,11.48,3.0
2017-02-12 05:41:16,11.49,11.49,11.49,11.49,6.999999999999999
2017-02-12 05:41:31,11.49,11.49,11.49,11.49,22.999999000000006
2017-02-12 05:42:14,11.48,11.49,11.49,11.48,5.6192
2017-02-12 05:42:30,11.48,11.48,11.48,11.48,1.000376
2017-02-12 05:42:54,11.48,11.48,11.48,11.48,4.0
2017-02-12 05:42:55,11.49,11.49,11.49,11.49,5.0
2017-02-12 05:42:58,11.48,11.48,11.48,11.48,1.0
2017-02-12 05:42:59,11.48,11.48,11.48,11.48,2.0
2017-02-12 05:43:02,11.48,11.48,11.48,11.48,18.380425000000002
2017-02-12 05:43:03,11.46,11.47,11.47,11.46,32.2615
2017-02-12 05:43:05,11.45,11.46,11.46,11.45,64.82069299999999
2017-02-12 05:43:28,11.45,11.45,11.45,11.45,0.866
2017-02-12 05:45:28,11.45,11.45,11.45,11.45,2.1416
2017-02-12 05:46:29,11.45,11.45,11.45,11.45,6.3359
2017-02-12 05:49:28,11.45,11.46,11.45,11.46,10.101700000000001
2017-02-12 05:53:34,11.45,11.45,11.45,11.45,1.0008000000000001
2017-02-12 05:57:17,11.45,11.46,11.45,11.46,5.208499999999999
2017-02-12 05:59:03,11.45,11.45,11.45,11.45,0.30710000000000004
2017-02-12 05:59:23,11.45,11.45,11.45,11.45,0.1277
2017-02-12 06:00:57,11.44,11.44,11.44,11.44,1.0
2017-02-12 06:01:51,11.45,11.46,11.45,11.46,16.209
2017-02-12 06:02:52,11.45,11.45,11.45,11.45,6.09394
2017-02-12 06:03:21,11.45,11.45,11.45,11.45,1.180826
2017-02-12 06:03:28,11.45,11.45,11.45,11.45,1.308148
2017-02-12 06:04:27,11.46,11.46,11.46,11.46,6.0439
2017-02-12 06:04:35,11.45,11.45,11.45,11.45,6.041300000000001
2017-02-12 06:04:48,11.45,11.45,11.45,11.45,7.967948
2017-02-12 06:06:07,11.45,11.45,11.45,11.45,2.0
2017-02-12 06:07:09,11.46,11.46,11.46,11.46,9.302799999999998
2017-02-12 06:10:06,11.46,11.46,11.46,11.46,6.0434
2017-02-12 06:12:54,11.46,11.46,11.46,11.46,0.0608
2017-02-12 06:13:29,11.45,11.45,11.45,11.45,39.330763
2017-02-12 06:13:41,11.44,11.45,11.45,11.44,35.742442
2017-02-12 06:15:35,11.45,11.45,11.45,11.45,2.9338
2017-02-12 06:20:16,11.44,11.44,11.44,11.44,0.705
2017-02-12 06:22:10,11.45,11.45,11.45,11.45,4.4866
2017-02-12 06:24:12,11.45,11.45,11.45,11.45,0.186
2017-02-12 06:24:38,11.45,11.45,11.45,11.45,0.869
2017-02-12 06:26:03,11.44,11.44,11.44,11.44,1.0
2017-02-12 06:27:11,11.44,11.44,11.44,11.44,5.4859
2017-02-12 06:28:06,11.45,11.45,11.45,11.45,1.0
2017-02-12 06:28:38,11.44,11.44,11.44,11.44,79.13948099999999
2017-02-12 06:28:50,11.45,11.45,11.45,11.45,5.2688
2017-02-12 06:31:01,11.44,11.44,11.44,11.44,1.0
2017-02-12 06:32:11,11.45,11.45,11.45,11.45,8.2561
2017-02-12 06:34:09,11.44,11.44,11.44,11.44,17.926371
2017-02-12 06:45:04,11.45,11.45,11.45,11.45,4.6299
2017-02-12 06:45:53,11.45,11.45,11.45,11.45,1.1523
2017-02-12 06:47:22,11.45,11.47,11.45,11.47,85.88839999999999
2017-02-12 06:48:25,11.46,11.46,11.46,11.46,0.6668
2017-02-12 06:53:57,11.46,11.51,11.46,11.51,300.0038
2017-02-12 06:55:00,11.49,11.49,11.49,11.49,1.049864
2017-02-12 06:55:50,11.48,11.49,11.49,11.48,37.79
2017-02-12 06:55:59,11.47,11.48,11.48,11.47,3.9999999999999996
2017-02-12 06:56:01,11.47,11.47,11.47,11.47,24.743640999999997
2017-02-12 06:56:03,11.47,11.47,11.47,11.47,3.0
2017-02-12 06:56:42,11.46,11.47,11.47,11.46,27.705273
2017-02-12 06:57:24,11.46,11.46,11.46,11.46,3.1902310000000007
2017-02-12 06:59:33,11.46,11.46,11.46,11.46,20.340059
2017-02-12 07:00:18,11.45,11.46,11.46,11.45,45.188
2017-02-12 07:00:27,11.45,11.45,11.45,11.45,9.270782
2017-02-12 07:00:58,11.45,11.45,11.45,11.45,1.0
2017-02-12 07:05:10,11.45,11.45,11.45,11.45,4.575
2017-02-12 07:05:25,11.44,11.45,11.45,11.44,11.757200000000001
2017-02-12 07:12:38,11.45,11.45,11.45,11.45,0.5
2017-02-12 07:13:22,11.45,11.45,11.45,11.45,2.7785
2017-02-12 07:17:43,11.45,11.47,11.45,11.47,70.1984
2017-02-12 07:17:57,11.46,11.46,11.46,11.46,26.585715999999998
2017-02-12 07:18:49,11.47,11.47,11.47,11.47,8.0
2017-02-12 07:19:22,11.47,11.47,11.47,11.47,8.870000000000001
2017-02-12 07:19:31,11.46,11.46,11.46,11.46,14.9625
2017-02-12 07:20:57,11.46,11.46,11.46,11.46,3.0
2017-02-12 07:22:36,11.47,11.47,11.47,11.47,116.99359999999999
2017-02-12 07:23:14,11.46,11.46,11.46,11.46,26.626089
2017-02-12 07:24:03,11.47,11.47,11.47,11.47,3.0008
2017-02-12 07:26:48,11.45,11.46,11.46,11.45,9.0457
2017-02-12 07:29:25,11.46,11.46,11.46,11.46,4.3442
2017-02-12 07:32:45,11.46,11.47,11.46,11.47,1.7374
2017-02-12 07:35:35,11.47,11.47,11.47,11.47,1.0004
2017-02-12 07:40:53,11.46,11.46,11.46,11.46,0.1388
2017-02-12 07:45:23,11.47,11.47,11.47,11.47,1.2839
2017-02-12 07:45:30,11.47,11.47,11.47,11.47,1.7102
2017-02-12 07:45:41,11.47,11.47,11.47,11.47,0.2907
2017-02-12 07:46:40,11.47,11.47,11.47,11.47,0.6733
2017-02-12 07:51:45,11.47,11.47,11.47,11.47,0.1764
2017-02-12 07:53:30,11.47,11.47,11.47,11.47,2.7428
2017-02-12 07:53:59,11.47,11.47,11.47,11.47,3.4206
2017-02-12 07:55:20,11.47,11.49,11.47,11.49,52.017700000000005
2017-02-12 07:57:44,11.47,11.48,11.48,11.47,29.758199999999995
2017-02-12 08:03:10,11.47,11.47,11.47,11.47,1.1013830000000002
2017-02-12 08:03:12,11.47,11.47,11.47,11.47,1.626045
2017-02-12 08:03:20,11.47,11.47,11.47,11.47,1.101383
2017-02-12 08:05:20,11.46,11.46,11.46,11.46,9.997000000000002
2017-02-12 08:12:55,11.46,11.46,11.46,11.46,3.9283000000000006
2017-02-12 08:13:00,11.47,11.47,11.47,11.47,8.8772
2017-02-12 08:14:21,11.47,11.48,11.47,11.48,9.747499999999999
2017-02-12 08:17:03,11.48,11.48,11.48,11.48,0.9244
2017-02-12 08:17:32,11.47,11.47,11.47,11.47,1.0646
2017-02-12 08:21:01,11.45,11.47,11.47,11.45,50.21600000000001
2017-02-12 08:21:56,11.46,11.46,11.46,11.46,1.3862
2017-02-12 08:23:26,11.45,11.45,11.45,11.45,0.1693
2017-02-12 08:26:03,11.46,11.46,11.46,11.46,7.3391
2017-02-12 08:27:33,11.46,11.46,11.46,11.46,0.5
2017-02-12 08:28:24,11.46,11.46,11.46,11.46,3.0332000000000003
2017-02-12 08:28:58,11.45,11.45,11.45,11.45,17.740099999999998
2017-02-12 08:29:35,11.46,11.47,11.46,11.47,43.85860000000002
2017-02-12 08:32:28,11.47,11.48,11.47,11.48,20.000799999999998
2017-02-12 08:34:12,11.48,11.48,11.48,11.48,0.7311
2017-02-12 08:36:02,11.46,11.47,11.47,11.46,43.672299999999986
2017-02-12 08:45:11,11.47,11.48,11.47,11.48,86.70509999999999
2017-02-12 08:46:08,11.49,11.49,11.49,11.49,5.8758
2017-02-12 08:51:19,11.49,11.49,11.49,11.49,0.2476
2017-02-12 08:54:13,11.49,11.49,11.49,11.49,10.8162
2017-02-12 08:56:00,11.49,11.49,11.49,11.49,8.317300000000001
2017-02-12 08:57:40,11.49,11.49,11.49,11.49,1.2577999999999998
2017-02-12 08:58:50,11.49,11.5,11.49,11.5,8.6037
2017-02-12 09:00:03,11.49,11.49,11.49,11.49,0.207
2017-02-12 09:01:57,11.5,11.5,11.5,11.5,1.0
2017-02-12 09:02:23,11.49,11.49,11.49,11.49,1.0005
2017-02-12 09:02:46,11.5,11.5,11.5,11.5,2.9954
2017-02-12 09:04:24,11.5,11.5,11.5,11.5,1.0
2017-02-12 09:05:33,11.49,11.49,11.49,11.49,1.0
2017-02-12 09:05:53,11.49,11.49,11.49,11.49,7.999999999999999
2017-02-12 09:08:23,11.5,11.5,11.5,11.5,10.000900000000001
2017-02-12 09:09:28,11.5,11.5,11.5,11.5,10.0
2017-02-12 09:12:33,11.5,11.5,11.5,11.5,1.0
2017-02-12 09:13:18,11.5,11.5,11.5,11.5,4.0
2017-02-12 09:14:36,11.5,11.5,11.5,11.5,14.7319
2017-02-12 09:16:29,11.5,11.5,11.5,11.5,1.0
2017-02-12 09:18:18,11.5,11.5,11.5,11.5,18.8574
2017-02-12 09:19:51,11.5,11.5,11.5,11.5,4.096
2017-02-12 09:21:24,11.49,11.49,11.49,11.49,24.13009300000001
2017-02-12 09:23:21,11.5,11.5,11.5,11.5,6.5721
2017-02-12 09:24:39,11.5,11.5,11.5,11.5,3.5965
2017-02-12 09:25:53,11.49,11.49,11.49,11.49,17.109356000000005
2017-02-12 09:29:05,11.49,11.49,11.49,11.49,1.797386
2017-02-12 09:30:21,11.5,11.5,11.5,11.5,3.0021
2017-02-12 09:30:59,11.49,11.49,11.49,11.49,3.977451
2017-02-12 09:33:49,11.5,11.5,11.5,11.5,4.6863
2017-02-12 09:35:41,11.5,11.5,11.5,11.5,1.9999999999999998
2017-02-12 09:36:01,11.49,11.49,11.49,11.49,1.0
2017-02-12 09:36:02,11.49,11.49,11.49,11.49,3.0
2017-02-12 09:36:03,11.49,11.49,11.49,11.49,4.0
2017-02-12 09:36:05,11.49,11.49,11.49,11.49,1.0
2017-02-12 09:36:14,11.49,11.49,11.49,11.49,1.91779
2017-02-12 09:41:48,11.5,11.5,11.5,11.5,4.4651000000000005
2017-02-12 09:42:58,11.49,11.49,11.49,11.49,3.108454
2017-02-12 09:45:36,11.5,11.52,11.5,11.52,103.83740000000004
2017-02-12 09:46:12,11.51,11.51,11.51,11.51,9.0352
2017-02-12 09:51:22,11.51,11.52,11.51,11.52,0.24869999999999998
2017-02-12 09:53:39,11.49,11.49,11.49,11.49,0.0908
2017-02-12 09:54:51,11.49,11.49,11.49,11.49,26.322999999999997
2017-02-12 09:55:02,11.49,11.49,11.49,11.49,0.2449
2017-02-12 09:56:55,11.5,11.5,11.5,11.5,0.5287
2017-02-12 10:00:16,11.49,11.49,11.49,11.49,2.475353
2017-02-12 10:01:55,11.48,11.49,11.49,11.48,325.99879999999996
2017-02-12 10:02:42,11.48,11.48,11.48,11.48,2.338
2017-02-12 10:03:18,11.49,11.49,11.49,11.49,11.257900000000001
2017-02-12 10:03:33,11.49,11.5,11.49,11.5,20.156999999999996
2017-02-12 10:05:20,11.5,11.5,11.5,11.5,5.3271
2017-02-12 10:06:35,11.5,11.5,11.5,11.5,1.0004
2017-02-12 10:07:21,11.5,11.5,11.5,11.5,8.6553
2017-02-12 10:08:57,11.49,11.49,11.49,11.49,33.36031092
2017-02-12 10:13:16,11.49,11.49,11.49,11.49,1.9098
2017-02-12 10:16:24,11.48,11.48,11.48,11.48,1.9995
2017-02-12 10:24:20,11.49,11.49,11.49,11.49,4.7366
2017-02-12 10:25:02,11.49,11.49,11.49,11.49,21.6498
2017-02-12 10:28:19,11.49,11.49,11.49,11.49,5.1997
2017-02-12 10:29:05,11.47,11.48,11.48,11.47,174.42300000000003
2017-02-12 10:29:45,11.47,11.47,11.47,11.47,1.006028
2017-02-12 10:30:08,11.47,11.47,11.47,11.47,2.0
2017-02-12 10:30:09,11.47,11.47,11.47,11.47,1.0
2017-02-12 10:30:20,11.49,11.49,11.49,11.49,2.165
2017-02-12 10:31:30,11.47,11.49,11.49,11.47,11.507017000000001
2017-02-12 10:31:33,11.47,11.47,11.47,11.47,151.08077300000002
2017-02-12 10:31:35,11.46,11.47,11.47,11.46,96.34367499999999
2017-02-12 10:33:46,11.47,11.47,11.47,11.47,2.121
2017-02-12 10:34:08,11.45,11.46,11.46,11.45,10.181000000000001
2017-02-12 10:34:11,11.47,11.47,11.47,11.47,0.0113
2017-02-12 10:36:59,11.46,11.46,11.46,11.46,9.778598
2017-02-12 10:38:48,11.47,11.47,11.47,11.47,0.5522
2017-02-12 10:39:03,11.45,11.46,11.46,11.45,173.613
2017-02-12 10:39:34,11.45,11.45,11.45,11.45,14.481746
2017-02-12 10:41:26,11.47,11.47,11.47,11.47,3.9293
2017-02-12 10:41:27,11.46,11.46,11.46,11.46,3.9293
2017-02-12 10:42:01,11.47,11.47,11.47,11.47,19.0707
2017-02-12 10:42:02,11.46,11.46,11.46,11.46,19.0707
2017-02-12 10:43:11,11.47,11.47,11.47,11.47,0.3383
2017-02-12 10:44:35,11.45,11.46,11.46,11.45,1.0206
2017-02-12 10:44:37,11.45,11.45,11.45,11.45,173.08
2017-02-12 10:45:03,11.46,11.47,11.47,11.46,56.745599999999996
2017-02-12 10:45:56,11.46,11.46,11.46,11.46,31.320700000000002
2017-02-12 10:48:05,11.45,11.45,11.45,11.45,118.34899999999999
2017-02-12 10:48:13,11.46,11.46,11.46,11.46,63.9068
2017-02-12 10:49:14,11.45,11.45,11.45,11.45,0.6145
2017-02-12 10:49:40,11.44,11.45,11.45,11.44,10.646754999999997
2017-02-12 10:49:45,11.45,11.45,11.45,11.45,1.0
2017-02-12 10:49:46,11.44,11.44,11.44,11.44,5.011894
2017-02-12 10:49:49,11.44,11.44,11.44,11.44,24.939
2017-02-12 10:51:25,11.44,11.44,11.44,11.44,19.926767110000004
2017-02-12 10:51:26,11.43,11.43,11.43,11.43,20.750542000000006
2017-02-12 10:52:22,11.43,11.43,11.43,11.43,19.9964
2017-02-12 10:52:42,11.44,11.44,11.44,11.44,9.9982
2017-02-12 10:58:33,11.44,11.48,11.44,11.48,233.50070000000002
2017-02-12 10:58:35,11.46,11.46,11.46,11.46,40.0
2017-02-12 10:59:16,11.45,11.45,11.45,11.45,35.19007
2017-02-12 10:59:31,11.46,11.46,11.46,11.46,0.7709
2017-02-12 11:02:03,11.46,11.46,11.46,11.46,1.0
2017-02-12 11:02:57,11.46,11.46,11.46,11.46,0.3278
2017-02-12 11:03:33,11.45,11.45,11.45,11.45,5.0
2017-02-12 11:04:11,11.45,11.45,11.45,11.45,5.102040000000001
2017-02-12 11:07:23,11.44,11.44,11.44,11.44,11.0372
2017-02-12 11:11:45,11.45,11.45,11.45,11.45,4.5273
2017-02-12 11:14:09,11.45,11.45,11.45,11.45,0.1825
2017-02-12 11:16:32,11.45,11.45,11.45,11.45,1.22079177
2017-02-12 11:18:12,11.45,11.47,11.45,11.47,94.6577
2017-02-12 11:18:33,11.47,11.47,11.47,11.47,6.217699999999999
2017-02-12 11:19:22,11.47,11.48,11.47,11.48,3.7699999999999996
2017-02-12 11:20:09,11.47,11.47,11.47,11.47,5.330594
2017-02-12 11:21:04,11.47,11.48,11.48,11.47,2.278533
2017-02-12 11:22:36,11.47,11.47,11.47,11.47,3.248977
2017-02-12 11:22:48,11.47,11.47,11.47,11.47,10.0408
2017-02-12 11:24:24,11.48,11.48,11.48,11.48,15.071
2017-02-12 11:24:49,11.47,11.47,11.47,11.47,1.924766
2017-02-12 11:25:58,11.47,11.47,11.47,11.47,1.0
2017-02-12 11:27:01,11.48,11.48,11.48,11.48,14.9827
2017-02-12 11:28:44,11.48,11.5,11.48,11.5,407.5426999999999
2017-02-12 11:28:45,11.48,11.48,11.48,11.48,30.263562
2017-02-12 11:28:48,11.48,11.48,11.48,11.48,9.736438000000001
2017-02-12 11:29:30,11.47,11.47,11.47,11.47,3.899914
2017-02-12 11:29:39,11.48,11.48,11.48,11.48,5.2048
2017-02-12 11:29:56,11.47,11.47,11.47,11.47,4.099951
2017-02-12 11:31:01,11.47,11.47,11.47,11.47,1.491046
2017-02-12 11:32:16,11.47,11.47,11.47,11.47,1.026758
2017-02-12 11:32:28,11.47,11.47,11.47,11.47,1.215345
2017-02-12 11:32:41,11.47,11.47,11.47,11.47,4.9982
2017-02-12 11:33:10,11.47,11.47,11.47,11.47,4.001641
2017-02-12 11:35:59,11.48,11.48,11.48,11.48,2.1673
2017-02-12 11:36:01,11.47,11.47,11.47,11.47,4.0
2017-02-12 11:36:04,11.47,11.47,11.47,11.47,3.0
2017-02-12 11:36:07,11.47,11.47,11.47,11.47,7.0
2017-02-12 11:36:08,11.47,11.47,11.47,11.47,3.0
2017-02-12 11:37:06,11.47,11.47,11.47,11.47,8.7622
2017-02-12 11:38:13,11.48,11.48,11.48,11.48,10.7035
2017-02-12 11:39:07,11.48,11.5,11.48,11.5,261.3917
2017-02-12 11:40:40,11.48,11.48,11.48,11.48,1.884557
2017-02-12 11:40:57,11.48,11.48,11.48,11.48,3.301105
2017-02-12 11:42:01,11.48,11.48,11.48,11.48,7.2912
2017-02-12 11:42:09,11.48,11.48,11.48,11.48,8.757381
2017-02-12 11:42:27,11.48,11.48,11.48,11.48,1.0277
2017-02-12 11:43:18,11.48,11.48,11.48,11.48,2.0
2017-02-12 11:45:35,11.49,11.49,11.49,11.49,9.6537
2017-02-12 11:45:49,11.48,11.48,11.48,11.48,4.4799999999999995
2017-02-12 11:45:54,11.49,11.49,11.49,11.49,3.2137
2017-02-12 11:46:02,11.48,11.48,11.48,11.48,1.0
2017-02-12 11:46:48,11.49,11.49,11.49,11.49,28.322999999999997
2017-02-12 11:47:39,11.49,11.49,11.49,11.49,6.2911
2017-02-12 11:49:42,11.48,11.48,11.48,11.48,27.311533999999998
2017-02-12 11:50:06,11.49,11.49,11.49,11.49,5.0968
2017-02-12 11:52:01,11.49,11.49,11.49,11.49,8.7543
2017-02-12 11:53:06,11.49,11.5,11.49,11.5,33.847899999999996
2017-02-12 11:55:04,11.5,11.5,11.5,11.5,4.8743
2017-02-12 11:56:09,11.49,11.49,11.49,11.49,27.999999999999996
2017-02-12 11:56:37,11.5,11.5,11.5,11.5,8.8397
2017-02-12 11:57:43,11.5,11.5,11.5,11.5,6.9034
2017-02-12 11:59:48,11.5,11.5,11.5,11.5,0.1779
2017-02-12 12:00:09,11.49,11.49,11.49,11.49,26.24163
2017-02-12 12:00:51,11.49,11.49,11.49,11.49,8.3833
2017-02-12 12:01:33,11.48,11.48,11.48,11.48,27.331031
2017-02-12 12:01:40,11.48,11.48,11.48,11.48,10.071200000000001
2017-02-12 12:01:59,11.48,11.48,11.48,11.48,1.07024
2017-02-12 12:02:12,11.47,11.48,11.48,11.47,12.230665999999998
2017-02-12 12:03:00,11.48,11.48,11.48,11.48,3.691
2017-02-12 12:04:08,11.48,11.49,11.48,11.49,8.8209
2017-02-12 12:05:33,11.49,11.49,11.49,11.49,3.6897
2017-02-12 12:06:07,11.49,11.49,11.49,11.49,4.33
2017-02-12 12:06:29,11.49,11.49,11.49,11.49,32.979800000000004
2017-02-12 12:07:52,11.49,11.5,11.49,11.5,92.13550000000001
2017-02-12 12:08:37,11.49,11.49,11.49,11.49,8.6599
2017-02-12 12:09:05,11.48,11.48,11.48,11.48,0.5087
2017-02-12 12:14:05,11.49,11.5,11.49,11.5,16.5031
2017-02-12 12:14:50,11.49,11.49,11.49,11.49,2.1631
2017-02-12 12:16:04,11.48,11.48,11.48,11.48,1.9999999999999998
2017-02-12 12:16:05,11.48,11.48,11.48,11.48,2.0
2017-02-12 12:16:07,11.48,11.48,11.48,11.48,2.0
2017-02-12 12:16:08,11.48,11.48,11.48,11.48,1.0
2017-02-12 12:17:28,11.48,11.48,11.48,11.48,33.010000000000005
2017-02-12 12:17:39,11.48,11.5,11.49,11.48,52.631
2017-02-12 12:17:40,11.48,11.48,11.48,11.48,34.02000000000001
2017-02-12 12:17:42,11.48,11.48,11.48,11.48,2.9899999999999998
2017-02-12 12:17:45,11.48,11.48,11.48,11.48,1.0
2017-02-12 12:20:10,11.47,11.47,11.47,11.47,4.0
2017-02-12 12:20:11,11.47,11.47,11.47,11.47,3.0
2017-02-12 12:20:12,11.47,11.47,11.47,11.47,2.0
2017-02-12 12:20:23,11.48,11.49,11.48,11.49,39.492700000000006
2017-02-12 12:21:05,11.47,11.47,11.47,11.47,2.0
2017-02-12 12:21:11,11.47,11.47,11.47,11.47,9.769058000000001
2017-02-12 12:21:37,11.48,11.48,11.48,11.48,4.7671
2017-02-12 12:21:57,11.48,11.48,11.48,11.48,2.1651000000000002
2017-02-12 12:24:43,11.47,11.47,11.47,11.47,59.60510000000001
2017-02-12 12:25:29,11.48,11.48,11.48,11.48,11.0
2017-02-12 12:28:33,11.48,11.48,11.48,11.48,1.0009
2017-02-12 12:29:51,11.48,11.48,11.48,11.48,3.0
2017-02-12 12:30:46,11.47,11.47,11.47,11.47,7.448024
2017-02-12 12:31:18,11.47,11.47,11.47,11.47,13.8802
2017-02-12 12:32:21,11.48,11.48,11.48,11.48,140.0
2017-02-12 12:32:28,11.47,11.47,11.47,11.47,45.531923
2017-02-12 12:32:45,11.48,11.48,11.48,11.48,14.43617917
2017-02-12 12:32:48,11.48,11.49,11.48,11.49,23.0
2017-02-12 12:32:53,11.47,11.47,11.47,11.47,3.566416
2017-02-12 12:34:28,11.47,11.47,11.47,11.47,13.0
2017-02-12 12:35:03,11.47,11.47,11.47,11.47,39.458012
2017-02-12 12:35:08,11.46,11.47,11.47,11.46,7.0067
2017-02-12 12:38:02,11.42,11.46,11.46,11.42,494.9966999999997
2017-02-12 12:39:27,11.43,11.43,11.43,11.43,9.3531
2017-02-12 12:41:33,11.42,11.42,11.42,11.42,1.0561
2017-02-12 12:42:42,11.43,11.43,11.43,11.43,1.0312
2017-02-12 12:44:02,11.43,11.43,11.43,11.43,6.0005
2017-02-12 12:45:45,11.43,11.43,11.43,11.43,17.2618
2017-02-12 12:46:06,11.43,11.44,11.43,11.44,43.5101
2017-02-12 12:46:58,11.44,11.44,11.44,11.44,1.7396
2017-02-12 12:48:28,11.43,11.43,11.43,11.43,1.2456
2017-02-12 12:49:12,11.41,11.43,11.43,11.41,251.0496
2017-02-12 12:51:57,11.42,11.42,11.42,11.42,18.174899999999997
2017-02-12 12:59:11,11.42,11.42,11.42,11.42,2.7295
2017-02-12 13:00:54,11.42,11.44,11.42,11.44,93.90939999999999
2017-02-12 13:02:21,11.44,11.45,11.44,11.45,25.311299999999996
2017-02-12 13:03:53,11.45,11.46,11.45,11.46,25.380499999999998
2017-02-12 13:04:41,11.45,11.45,11.45,11.45,5.1834
2017-02-12 13:06:20,11.44,11.45,11.45,11.44,12.618999999999998
2017-02-12 13:08:11,11.45,11.45,11.45,11.45,5.4727
2017-02-12 13:08:56,11.45,11.46,11.45,11.46,5.2671
2017-02-12 13:09:23,11.46,11.46,11.46,11.46,3.994
2017-02-12 13:12:48,11.46,11.46,11.46,11.46,13.05
2017-02-12 13:15:12,11.46,11.46,11.46,11.46,1.2174
2017-02-12 13:18:19,11.46,11.46,11.46,11.46,3.5469
2017-02-12 13:18:41,11.46,11.46,11.46,11.46,1.7252
2017-02-12 13:19:13,11.46,11.46,11.46,11.46,0.6651
2017-02-12 13:19:54,11.46,11.46,11.46,11.46,13.581399999999999
2017-02-12 13:20:31,11.45,11.45,11.45,11.45,21.970100000000002
2017-02-12 13:26:37,11.46,11.46,11.46,11.46,39.23080000000001
2017-02-12 13:27:54,11.46,11.46,11.46,11.46,2.5005
2017-02-12 13:29:17,11.46,11.49,11.46,11.49,434.8626999999999
2017-02-12 13:31:47,11.48,11.48,11.48,11.48,46.71715100000001
2017-02-12 13:33:19,11.49,11.49,11.49,11.49,3.4671
2017-02-12 13:34:39,11.47,11.48,11.48,11.47,0.9639
2017-02-12 13:39:23,11.48,11.49,11.48,11.49,10.004000000000001
2017-02-12 13:40:33,11.46,11.47,11.47,11.46,50.0
2017-02-12 13:45:34,11.47,11.48,11.47,11.48,12.692499999999999
2017-02-12 13:45:53,11.48,11.49,11.48,11.49,35.2002
2017-02-12 13:47:38,11.48,11.49,11.48,11.49,1.0036
2017-02-12 13:48:48,11.49,11.49,11.49,11.49,5.8454
2017-02-12 13:49:48,11.46,11.48,11.48,11.46,100.56360000000001
2017-02-12 13:50:25,11.44,11.45,11.45,11.44,50.00000000000001
2017-02-12 13:51:32,11.44,11.44,11.44,11.44,9.2846
2017-02-12 13:55:46,11.44,11.44,11.44,11.44,8.156803
2017-02-12 13:55:58,11.45,11.45,11.45,11.45,2.6106
2017-02-12 13:56:26,11.45,11.45,11.45,11.45,0.4345
2017-02-12 13:57:05,11.45,11.45,11.45,11.45,8.0
2017-02-12 14:00:15,11.45,11.46,11.45,11.46,25.568900000000003
2017-02-12 14:00:59,11.45,11.45,11.45,11.45,28.013600000000004
2017-02-12 14:01:22,11.46,11.46,11.46,11.46,6.0778
2017-02-12 14:01:37,11.46,11.46,11.46,11.46,1.0
2017-02-12 14:05:38,11.46,11.46,11.46,11.46,4.381600000000001
2017-02-12 14:07:00,11.46,11.46,11.46,11.46,1.042
2017-02-12 14:10:42,11.46,11.48,11.46,11.48,100.00479999999997
2017-02-12 14:12:40,11.48,11.49,11.48,11.49,21.6615
2017-02-12 14:13:39,11.48,11.48,11.48,11.48,1.3308
2017-02-12 14:14:44,11.49,11.49,11.49,11.49,27.6468
2017-02-12 14:16:27,11.49,11.49,11.49,11.49,1.0005000000000002
2017-02-12 14:18:04,11.48,11.48,11.48,11.48,3.6848
2017-02-12 14:20:23,11.49,11.49,11.49,11.49,9.7557
2017-02-12 14:21:03,11.49,11.5,11.49,11.5,26.1815
2017-02-12 14:21:27,11.49,11.49,11.49,11.49,2.0
2017-02-12 14:21:52,11.49,11.49,11.49,11.49,4.6079
2017-02-12 14:24:03,11.49,11.49,11.49,11.49,75.2644
2017-02-12 14:25:03,11.49,11.49,11.49,11.49,1.0
2017-02-12 14:26:35,11.49,11.49,11.49,11.49,1.7320000000000002
2017-02-12 14:28:31,11.48,11.48,11.48,11.48,57.63021899999999
2017-02-12 14:28:41,11.49,11.49,11.49,11.49,1.1566
2017-02-12 14:28:49,11.48,11.48,11.48,11.48,1.000002
2017-02-12 14:30:09,11.47,11.48,11.48,11.47,1.0
2017-02-12 14:30:11,11.45,11.47,11.47,11.45,229.99949999999998
2017-02-12 14:32:31,11.45,11.46,11.46,11.45,20.357328000000003
2017-02-12 14:32:32,11.45,11.45,11.45,11.45,25.922
2017-02-12 14:35:19,11.47,11.47,11.47,11.47,2.1714
2017-02-12 14:36:03,11.45,11.46,11.46,11.45,20.0
2017-02-12 14:36:34,11.47,11.47,11.47,11.47,28.795
2017-02-12 14:38:14,11.47,11.47,11.47,11.47,26.0272
2017-02-12 14:38:19,11.46,11.46,11.46,11.46,6.060693
2017-02-12 14:41:13,11.47,11.47,11.47,11.47,2.6129
2017-02-12 14:45:39,11.47,11.47,11.47,11.47,7.7443
2017-02-12 14:46:00,11.47,11.47,11.47,11.47,8.5813
2017-02-12 14:46:03,11.46,11.46,11.46,11.46,3.0
2017-02-12 14:46:04,11.46,11.46,11.46,11.46,2.0
2017-02-12 14:46:06,11.46,11.46,11.46,11.46,7.0
2017-02-12 14:46:51,11.46,11.46,11.46,11.46,5.052861
2017-02-12 14:47:15,11.47,11.49,11.47,11.49,426.9657000000001
2017-02-12 14:47:28,11.47,11.47,11.47,11.47,2.1369
2017-02-12 14:48:01,11.47,11.48,11.48,11.47,68.5955
2017-02-12 14:48:08,11.47,11.47,11.47,11.47,14.6171
2017-02-12 14:48:36,11.46,11.46,11.46,11.46,2.275053
2017-02-12 14:48:58,11.46,11.46,11.46,11.46,7.920864
2017-02-12 14:51:05,11.46,11.46,11.46,11.46,2.0
2017-02-12 14:51:06,11.46,11.46,11.46,11.46,2.0
2017-02-12 14:51:09,11.46,11.46,11.46,11.46,1.0
2017-02-12 14:51:46,11.46,11.46,11.46,11.46,31.5903
2017-02-12 14:52:47,11.46,11.46,11.46,11.46,44.88622531
2017-02-12 14:54:13,11.45,11.45,11.45,11.45,33.209811
2017-02-12 14:54:23,11.44,11.45,11.45,11.44,53.94470000000001
2017-02-12 14:56:49,11.45,11.45,11.45,11.45,0.925
2017-02-12 14:59:02,11.45,11.45,11.45,11.45,15.7075
2017-02-12 14:59:47,11.45,11.45,11.45,11.45,2.0
2017-02-12 15:00:39,11.45,11.45,11.45,11.45,1.7129
2017-02-12 15:01:58,11.44,11.44,11.44,11.44,7.0424
2017-02-12 15:03:32,11.45,11.45,11.45,11.45,10.2675
2017-02-12 15:04:49,11.45,11.45,11.45,11.45,5.0
2017-02-12 15:07:06,11.45,11.45,11.45,11.45,214.1181
2017-02-12 15:07:58,11.45,11.45,11.45,11.45,106.7427
2017-02-12 15:08:22,11.45,11.45,11.45,11.45,11.0
2017-02-12 15:11:10,11.45,11.45,11.45,11.45,0.3003
2017-02-12 15:12:13,11.45,11.45,11.45,11.45,17.3838
2017-02-12 15:14:52,11.45,11.45,11.45,11.45,118.0386
2017-02-12 15:15:59,11.45,11.45,11.45,11.45,1.0
2017-02-12 15:18:20,11.45,11.45,11.45,11.45,35.0013
2017-02-12 15:20:02,11.45,11.45,11.45,11.45,145.0013
2017-02-12 15:22:31,11.45,11.45,11.45,11.45,25.0
2017-02-12 15:24:31,11.45,11.45,11.45,11.45,4.4521
2017-02-12 15:26:04,11.45,11.45,11.45,11.45,2.7748
2017-02-12 15:26:11,11.45,11.45,11.45,11.45,5.0
2017-02-12 15:30:30,11.45,11.45,11.45,11.45,23.2794
2017-02-12 15:32:13,11.45,11.45,11.45,11.45,10.4969
2017-02-12 15:33:55,11.45,11.45,11.45,11.45,150.0
2017-02-12 15:35:34,11.45,11.45,11.45,11.45,1.1697
2017-02-12 15:37:15,11.45,11.45,11.45,11.45,429.8173
2017-02-12 15:38:45,11.44,11.44,11.44,11.44,398.22550000000007
2017-02-12 15:39:53,11.45,11.45,11.45,11.45,202.0466
2017-02-12 15:40:37,11.45,11.45,11.45,11.45,85.0
2017-02-12 15:44:54,11.45,11.45,11.45,11.45,15.4261
2017-02-12 15:45:07,11.44,11.44,11.44,11.44,49.99990000000001
2017-02-12 15:45:16,11.45,11.45,11.45,11.45,0.4345
2017-02-12 15:45:47,11.45,11.45,11.45,11.45,12.9813
2017-02-12 15:46:19,11.44,11.44,11.44,11.44,0.1668
2017-02-12 15:46:21,11.44,11.44,11.44,11.44,24.605199999999996
2017-02-12 15:48:15,11.43,11.43,11.43,11.43,1.0279965
2017-02-12 15:48:44,11.44,11.45,11.44,11.45,5.925800000000001
2017-02-12 15:50:51,11.45,11.45,11.45,11.45,3.9774
2017-02-12 15:52:06,11.45,11.45,11.45,11.45,1.1293
2017-02-12 15:52:30,11.43,11.43,11.43,11.43,1.5165
2017-02-12 15:54:24,11.43,11.43,11.43,11.43,44.57249999999999
2017-02-12 15:55:18,11.44,11.44,11.44,11.44,17.046599999999998
2017-02-12 15:56:18,11.44,11.44,11.44,11.44,10.8623
2017-02-12 15:56:26,11.43,11.43,11.43,11.43,1.7733
2017-02-12 15:58:56,11.44,11.44,11.44,11.44,0.4515
2017-02-12 16:00:23,11.43,11.43,11.43,11.43,9.639
2017-02-12 16:03:44,11.42,11.43,11.43,11.42,399.99870000000016
2017-02-12 16:04:57,11.43,11.43,11.43,11.43,0.2181
2017-02-12 16:05:28,11.43,11.44,11.43,11.44,17.734099999999998
2017-02-12 16:06:31,11.44,11.44,11.44,11.44,5.548299999999999
2017-02-12 16:06:43,11.44,11.44,11.44,11.44,2.1745
2017-02-12 16:07:29,11.43,11.43,11.43,11.43,43.9392
2017-02-12 16:09:38,11.42,11.43,11.43,11.42,4.9877
2017-02-12 16:10:55,11.42,11.42,11.42,11.42,29.122999999999998
2017-02-12 16:12:11,11.43,11.43,11.43,11.43,5.4347
2017-02-12 16:14:27,11.42,11.42,11.42,11.42,0.5218
2017-02-12 16:14:34,11.43,11.43,11.43,11.43,0.2609
2017-02-12 16:23:13,11.43,11.43,11.43,11.43,0.5324
2017-02-12 16:24:04,11.43,11.43,11.43,11.43,2.3131
2017-02-12 16:24:50,11.42,11.42,11.42,11.42,22.001400000000004
2017-02-12 16:28:35,11.4,11.42,11.42,11.4,281.99609999999996
2017-02-12 16:29:09,11.41,11.41,11.41,11.41,10.0
2017-02-12 16:30:53,11.41,11.41,11.41,11.41,2.1435
2017-02-12 16:31:16,11.41,11.41,11.41,11.41,5.2263
2017-02-12 16:32:50,11.41,11.41,11.41,11.41,20.6273
2017-02-12 16:33:31,11.41,11.42,11.41,11.42,6.9765
2017-02-12 16:34:28,11.42,11.42,11.42,11.42,8.0
2017-02-12 16:36:15,11.42,11.42,11.42,11.42,3.0004
2017-02-12 16:38:04,11.42,11.42,11.42,11.42,8.7159
2017-02-12 16:39:11,11.42,11.42,11.42,11.42,3.464
2017-02-12 16:40:25,11.41,11.41,11.41,11.41,2.8503
2017-02-12 16:42:55,11.42,11.42,11.42,11.42,5.2354
2017-02-12 16:45:30,11.42,11.42,11.42,11.42,1.0
2017-02-12 16:46:36,11.42,11.42,11.42,11.42,6.0145
2017-02-12 16:48:14,11.42,11.42,11.42,11.42,0.8713
2017-02-12 16:50:08,11.42,11.42,11.42,11.42,1.0004
2017-02-12 16:50:21,11.42,11.43,11.42,11.43,28.6851
2017-02-12 16:52:33,11.43,11.48,11.43,11.48,961.9983075499994
2017-02-12 16:54:29,11.48,11.48,11.48,11.48,52.9607
2017-02-12 16:55:14,11.48,11.48,11.48,11.48,0.1014
2017-02-12 16:56:52,11.47,11.47,11.47,11.47,39.999500000000005
2017-02-12 16:58:43,11.47,11.47,11.47,11.47,7.998399999999999
2017-02-12 17:00:17,11.47,11.48,11.47,11.48,43.3376
2017-02-12 17:00:34,11.48,11.48,11.48,11.48,29.0361
2017-02-12 17:02:23,11.48,11.48,11.48,11.48,1.3001
2017-02-12 17:04:17,11.46,11.47,11.47,11.46,29.7963
2017-02-12 17:05:18,11.47,11.47,11.47,11.47,9.664
2017-02-12 17:06:15,11.47,11.48,11.47,11.48,173.36779999999996
2017-02-12 17:07:15,11.46,11.47,11.47,11.46,108.4045
2017-02-12 17:08:06,11.47,11.47,11.47,11.47,17.336699999999997
2017-02-12 17:08:47,11.47,11.47,11.47,11.47,2.1688
2017-02-12 17:09:31,11.45,11.46,11.46,11.45,26.0
2017-02-12 17:09:59,11.46,11.46,11.46,11.46,1.0836
2017-02-12 17:10:36,11.46,11.47,11.46,11.47,31.374299999999998
2017-02-12 17:11:41,11.46,11.46,11.46,11.46,3.3956
2017-02-12 17:11:44,11.46,11.46,11.46,11.46,0.7893000000000001
2017-02-12 17:12:36,11.47,11.47,11.47,11.47,8.2426
2017-02-12 17:13:05,11.47,11.47,11.47,11.47,1.0
2017-02-12 17:14:14,11.47,11.47,11.47,11.47,2.1471
2017-02-12 17:17:06,11.47,11.48,11.47,11.48,16.233999999999998
2017-02-12 17:17:24,11.48,11.48,11.48,11.48,17.341199999999997
2017-02-12 17:20:45,11.48,11.48,11.48,11.48,1.0022
2017-02-12 17:21:19,11.48,11.48,11.48,11.48,20.000500000000002
2017-02-12 17:22:31,11.48,11.48,11.48,11.48,0.5508
2017-02-12 17:23:00,11.48,11.48,11.48,11.48,4.0018
2017-02-12 17:23:35,11.47,11.47,11.47,11.47,1.0019770000000001
2017-02-12 17:23:50,11.47,11.47,11.47,11.47,2.4453460000000002
2017-02-12 17:24:21,11.48,11.48,11.48,11.48,173.3492
2017-02-12 17:25:20,11.47,11.47,11.47,11.47,1.001275
2017-02-12 17:25:34,11.48,11.48,11.48,11.48,159.2827
2017-02-12 17:26:03,11.47,11.47,11.47,11.47,2.0
2017-02-12 17:31:19,11.47,11.47,11.47,11.47,0.2448
2017-02-12 17:31:55,11.48,11.48,11.48,11.48,0.8672
2017-02-12 17:32:43,11.47,11.47,11.47,11.47,2.8846
2017-02-12 17:33:32,11.48,11.48,11.48,11.48,14.0
2017-02-12 17:34:09,11.45,11.47,11.47,11.45,261.78720174
2017-02-12 17:34:51,11.46,11.46,11.46,11.46,2.0004
2017-02-12 17:37:42,11.46,11.46,11.46,11.46,2.2624
2017-02-12 17:41:36,11.46,11.46,11.46,11.46,0.8695
2017-02-12 17:44:03,11.46,11.46,11.46,11.46,4.2806
2017-02-12 17:46:03,11.46,11.46,11.46,11.46,16.1556
2017-02-12 17:50:03,11.46,11.46,11.46,11.46,5.359299999999999
2017-02-12 17:51:39,11.46,11.47,11.46,11.47,23.429299999999998
2017-02-12 17:52:22,11.47,11.47,11.47,11.47,13.8018
2017-02-12 17:54:52,11.47,11.48,11.47,11.48,177.7134
2017-02-12 17:55:59,11.48,11.48,11.48,11.48,0.5004
2017-02-12 17:56:54,11.48,11.48,11.48,11.48,8.2003
2017-02-12 17:58:48,11.46,11.46,11.46,11.46,39.99869999999999
2017-02-12 18:02:02,11.47,11.48,11.47,11.48,114.2276
2017-02-12 18:03:13,11.48,11.48,11.48,11.48,1.8938
2017-02-12 18:04:01,11.48,11.48,11.48,11.48,2.5017
2017-02-12 18:04:36,11.48,11.48,11.48,11.48,2.1842
2017-02-12 18:07:44,11.48,11.48,11.48,11.48,33.1149
2017-02-12 18:08:27,11.48,11.48,11.48,11.48,7.3674
2017-02-12 18:09:41,11.48,11.48,11.48,11.48,1.3243
2017-02-12 18:10:11,11.48,11.48,11.48,11.48,0.3684
2017-02-12 18:10:24,11.48,11.48,11.48,11.48,11.7335
2017-02-12 18:14:31,11.48,11.48,11.48,11.48,6.5015
2017-02-12 18:17:14,11.48,11.48,11.48,11.48,2.5908
2017-02-12 18:18:11,11.47,11.47,11.47,11.47,5.5987
2017-02-12 18:22:18,11.48,11.48,11.48,11.48,2.0009
2017-02-12 18:24:49,11.48,11.48,11.48,11.48,10.0039
2017-02-12 18:28:08,11.48,11.48,11.48,11.48,23.0133
2017-02-12 18:30:52,11.47,11.47,11.47,11.47,24.8896
2017-02-12 18:32:38,11.47,11.47,11.47,11.47,0.996
2017-02-12 18:33:53,11.48,11.48,11.48,11.48,4.147
2017-02-12 18:35:50,11.48,11.48,11.48,11.48,9.214800000000002
2017-02-12 18:38:00,11.48,11.48,11.48,11.48,0.6657
2017-02-12 18:39:45,11.48,11.48,11.48,11.48,3.0
2017-02-12 18:41:50,11.48,11.5,11.48,11.5,43.97470000000001
2017-02-12 18:42:23,11.5,11.5,11.5,11.5,79.5005
2017-02-12 18:44:32,11.5,11.5,11.5,11.5,1.5141
2017-02-12 18:46:04,11.5,11.5,11.5,11.5,1.9323
2017-02-12 18:48:06,11.49,11.49,11.49,11.49,25.766800000000003
2017-02-12 18:49:22,11.5,11.5,11.5,11.5,2.6676
2017-02-12 18:50:50,11.49,11.49,11.49,11.49,2.0118
2017-02-12 18:51:50,11.49,11.49,11.49,11.49,25.0
2017-02-12 18:52:17,11.48,11.49,11.49,11.48,4.3772
2017-02-12 18:55:02,11.49,11.49,11.49,11.49,3.6469
2017-02-12 18:57:24,11.49,11.5,11.49,11.5,91.05990000000001
2017-02-12 18:58:09,11.48,11.49,11.49,11.48,30.0
2017-02-12 18:59:18,11.5,11.5,11.5,11.5,2.0775
2017-02-12 19:00:21,11.5,11.5,11.5,11.5,2.1631
2017-02-12 19:01:53,11.5,11.5,11.5,11.5,1.907
2017-02-12 19:02:58,11.5,11.5,11.5,11.5,0.0874
2017-02-12 19:03:16,11.48,11.49,11.49,11.48,2.9765999999999995
2017-02-12 19:04:16,11.48,11.48,11.48,11.48,8.039
2017-02-12 19:04:27,11.48,11.48,11.48,11.48,2.75
2017-02-12 19:05:03,11.49,11.49,11.49,11.49,6.4919
2017-02-12 19:06:08,11.49,11.5,11.49,11.5,10.001299999999999
2017-02-12 19:07:10,11.5,11.5,11.5,11.5,86.5243
2017-02-12 19:07:36,11.5,11.51,11.5,11.51,82.52680000000001
2017-02-12 19:09:35,11.5,11.5,11.5,11.5,0.09970000000000001
2017-02-12 19:11:15,11.51,11.51,11.51,11.51,2.0005
2017-02-12 19:12:17,11.51,11.51,11.51,11.51,0.1643
2017-02-12 19:13:40,11.49,11.5,11.5,11.49,19.8607
2017-02-12 19:18:37,11.5,11.5,11.5,11.5,1.1962
2017-02-12 19:20:07,11.5,11.52,11.5,11.52,389.0281
2017-02-12 19:24:22,11.51,11.51,11.51,11.51,4.7761759999999995
2017-02-12 19:27:25,11.48,11.5,11.5,11.48,460.2317000000001
2017-02-12 19:29:56,11.49,11.49,11.49,11.49,1.0017
2017-02-12 19:32:51,11.49,11.5,11.49,11.5,410.6576076900001
2017-02-12 19:33:21,11.51,11.51,11.51,11.51,83.7802
2017-02-12 19:35:05,11.51,11.51,11.51,11.51,37.0
2017-02-12 19:35:10,11.51,11.51,11.51,11.51,40.0
2017-02-12 19:35:26,11.51,11.51,11.51,11.51,50.0
2017-02-12 19:37:44,11.51,11.51,11.51,11.51,11.5905
2017-02-12 19:40:56,11.5,11.51,11.5,11.51,7.0016
2017-02-12 19:42:02,11.5,11.51,11.5,11.51,129.6747
2017-02-12 19:43:04,11.5,11.5,11.5,11.5,0.4344
2017-02-12 19:45:55,11.5,11.5,11.5,11.5,21.0755
2017-02-12 19:46:55,11.5,11.5,11.5,11.5,110.1644
2017-02-12 19:48:01,11.5,11.5,11.5,11.5,86.5239
2017-02-12 19:49:44,11.5,11.5,11.5,11.5,12.5958
2017-02-12 19:50:15,11.5,11.5,11.5,11.5,30.0
2017-02-12 19:52:46,11.49,11.49,11.49,11.49,1.8901
2017-02-12 19:53:01,11.5,11.5,11.5,11.5,0.8653
2017-02-12 19:57:14,11.5,11.5,11.5,11.5,1.1901
2017-02-12 19:57:59,11.5,11.51,11.5,11.51,86.5012
2017-02-12 20:00:02,11.51,11.51,11.51,11.51,29.1942
2017-02-12 20:01:58,11.51,11.51,11.51,11.51,0.3761
2017-02-12 20:04:16,11.51,11.51,11.51,11.51,0.176
2017-02-12 20:04:53,11.51,11.51,11.51,11.51,8.6448
2017-02-12 20:05:52,11.51,11.51,11.51,11.51,16.689
2017-02-12 20:06:55,11.5,11.5,11.5,11.5,9.214
2017-02-12 20:11:42,11.5,11.5,11.5,11.5,12.0354
2017-02-12 20:16:53,11.51,11.51,11.51,11.51,85.1813
2017-02-12 20:17:22,11.51,11.51,11.51,11.51,6.8294
2017-02-12 20:18:32,11.51,11.51,11.51,11.51,46.0023
2017-02-12 20:19:28,11.48,11.5,11.5,11.48,174.9996
2017-02-12 20:20:00,11.49,11.49,11.49,11.49,1.7000000000000002
2017-02-12 20:21:24,11.49,11.5,11.49,11.5,16.0071
2017-02-12 20:23:13,11.49,11.49,11.49,11.49,0.52393385
2017-02-12 20:24:13,11.5,11.5,11.5,11.5,5.1941
2017-02-12 20:24:24,11.5,11.5,11.5,11.5,16.0
2017-02-12 20:27:44,11.49,11.49,11.49,11.49,3.0703
2017-02-12 20:35:17,11.49,11.49,11.49,11.49,2.0824
2017-02-12 20:35:42,11.5,11.5,11.5,11.5,9.0
2017-02-12 20:37:31,11.5,11.5,11.5,11.5,9.0027
2017-02-12 20:39:03,11.5,11.5,11.5,11.5,23.3619
2017-02-12 20:40:17,11.5,11.5,11.5,11.5,44.3002
2017-02-12 20:42:30,11.49,11.49,11.49,11.49,7.8369
2017-02-12 20:43:41,11.5,11.5,11.5,11.5,2.1653
2017-02-12 20:44:59,11.49,11.49,11.49,11.49,5.7465
2017-02-12 20:45:27,11.49,11.49,11.49,11.49,6.3415
2017-02-12 20:46:35,11.5,11.5,11.5,11.5,24.9816
2017-02-12 20:49:23,11.5,11.5,11.5,11.5,8.5058
2017-02-12 20:50:02,11.5,11.5,11.5,11.5,1.6582
2017-02-12 20:51:07,11.5,11.5,11.5,11.5,3.461
2017-02-12 20:51:42,11.5,11.5,11.5,11.5,3.4614
2017-02-12 20:52:21,11.5,11.5,11.5,11.5,1.7322
2017-02-12 20:55:02,11.5,11.5,11.5,11.5,4.3266
2017-02-12 20:56:20,11.5,11.5,11.5,11.5,12.0
2017-02-12 20:57:26,11.5,11.5,11.5,11.5,0.5014
2017-02-12 21:00:05,11.5,11.5,11.5,11.5,10.3565
2017-02-12 21:01:49,11.49,11.49,11.49,11.49,0.173
2017-02-12 21:05:04,11.49,11.49,11.49,11.49,0.6264
2017-02-12 21:08:54,11.5,11.5,11.5,11.5,20.1741
2017-02-12 21:11:39,11.5,11.5,11.5,11.5,2.774
2017-02-12 21:14:15,11.49,11.49,11.49,11.49,19.998199999999997
2017-02-12 21:15:10,11.5,11.5,11.5,11.5,30.0004
2017-02-12 21:15:31,11.5,11.5,11.5,11.5,165.99999999999994
2017-02-12 21:17:39,11.5,11.5,11.5,11.5,69.2209
2017-02-12 21:20:40,11.5,11.5,11.5,11.5,2.2451
2017-02-12 21:21:15,11.5,11.5,11.5,11.5,0.08669643
2017-02-12 21:23:49,11.49,11.49,11.49,11.49,0.4361
2017-02-12 21:25:22,11.5,11.5,11.5,11.5,9.0699
2017-02-12 21:25:35,11.5,11.5,11.5,11.5,50.0
2017-02-12 21:25:41,11.5,11.5,11.5,11.5,13.0669
2017-02-12 21:26:34,11.5,11.5,11.5,11.5,4.0004
2017-02-12 21:29:30,11.5,11.5,11.5,11.5,6.7931
2017-02-12 21:29:34,11.5,11.5,11.5,11.5,0.4326
2017-02-12 21:29:54,11.5,11.5,11.5,11.5,38.9357
2017-02-12 21:31:57,11.5,11.5,11.5,11.5,22.0022
2017-02-12 21:32:56,11.5,11.5,11.5,11.5,0.3877
2017-02-12 21:36:02,11.5,11.51,11.5,11.51,63.228300000000004
2017-02-12 21:37:42,11.51,11.51,11.51,11.51,3.461
2017-02-12 21:40:08,11.51,11.51,11.51,11.51,17.2902
2017-02-12 21:42:52,11.51,11.51,11.51,11.51,1.0022
2017-02-12 21:45:37,11.51,11.52,11.51,11.52,109.74889999999999
2017-02-12 21:46:12,11.52,11.52,11.52,11.52,11.6429
2017-02-12 21:51:34,11.5,11.51,11.51,11.5,46.205099999999995
2017-02-12 21:53:02,11.51,11.51,11.51,11.51,2.1085
2017-02-12 21:54:39,11.51,11.51,11.51,11.51,8.6457
2017-02-12 21:56:54,11.51,11.51,11.51,11.51,0.5189
2017-02-12 21:57:26,11.51,11.51,11.51,11.51,2.0027
2017-02-12 21:59:09,11.51,11.51,11.51,11.51,38.9616
2017-02-12 21:59:48,11.51,11.51,11.51,11.51,43.3
2017-02-12 22:00:13,11.49,11.5,11.5,11.49,91.6775
2017-02-12 22:01:18,11.5,11.5,11.5,11.5,6.0
2017-02-12 22:01:34,11.5,11.5,11.5,11.5,4.1635
2017-02-12 22:04:57,11.49,11.49,11.49,11.49,14.171600000000002
2017-02-12 22:08:22,11.49,11.49,11.49,11.49,9.9964
2017-02-12 22:08:42,11.5,11.51,11.5,11.51,99.99990000000001
2017-02-12 22:10:38,11.49,11.5,11.5,11.49,29.816499999999998
2017-02-12 22:11:07,11.5,11.5,11.5,11.5,1.7309
2017-02-12 22:14:06,11.49,11.49,11.49,11.49,40.1703
2017-02-12 22:15:03,11.5,11.5,11.5,11.5,27.153043000000004
2017-02-12 22:15:41,11.5,11.5,11.5,11.5,13.9124
2017-02-12 22:16:30,11.51,11.51,11.51,11.51,18.1612
2017-02-12 22:16:41,11.51,11.52,11.51,11.52,43.224399999999996
2017-02-12 22:18:53,11.52,11.52,11.52,11.52,165.4653
2017-02-12 22:21:59,11.52,11.53,11.52,11.53,4.145999999999999
2017-02-12 22:28:56,11.53,11.53,11.53,11.53,21.8097
2017-02-12 22:29:38,11.53,11.53,11.53,11.53,3.0300000000000002
2017-02-12 22:32:42,11.51,11.51,11.51,11.51,4.6748
2017-02-12 22:33:42,11.53,11.53,11.53,11.53,73.22449999999999
2017-02-12 22:37:38,11.53,11.53,11.53,11.53,0.9604
2017-02-12 22:38:54,11.53,11.53,11.53,11.53,17.2602
2017-02-12 22:39:54,11.53,11.53,11.53,11.53,1.0
2017-02-12 22:40:50,11.52,11.52,11.52,11.52,7.580600000000002
2017-02-12 22:41:33,11.53,11.53,11.53,11.53,0.863
2017-02-12 22:44:43,11.53,11.53,11.53,11.53,1.0017
2017-02-12 22:45:36,11.53,11.53,11.53,11.53,23.3054
2017-02-12 22:48:39,11.53,11.53,11.53,11.53,10.2614
2017-02-12 22:51:27,11.53,11.53,11.53,11.53,2.5894
2017-02-12 22:52:16,11.52,11.52,11.52,11.52,48.0
2017-02-12 22:53:58,11.53,11.53,11.53,11.53,2.0029
2017-02-12 22:55:40,11.53,11.53,11.53,11.53,0.2305
2017-02-12 22:58:00,11.48,11.52,11.52,11.48,483.83262800000006
2017-02-12 22:58:08,11.49,11.5,11.49,11.5,49.9486
2017-02-12 22:58:38,11.5,11.5,11.5,11.5,0.1236
2017-02-12 23:00:29,11.5,11.5,11.5,11.5,0.8838999999999999
2017-02-12 23:01:52,11.5,11.5,11.5,11.5,1.3
2017-02-12 23:02:54,11.5,11.5,11.5,11.5,0.5944
2017-02-12 23:04:15,11.48,11.49,11.49,11.48,50.0538
2017-02-12 23:10:36,11.5,11.5,11.5,11.5,68.1461
2017-02-12 23:10:37,11.5,11.5,11.5,11.5,51.2519
2017-02-12 23:10:51,11.48,11.49,11.49,11.48,51.25189999999999
2017-02-12 23:11:26,11.49,11.5,11.49,11.5,43.264100000000006
2017-02-12 23:14:12,11.5,11.5,11.5,11.5,1.13312237
2017-02-12 23:14:38,11.5,11.5,11.5,11.5,5.1113
2017-02-12 23:15:04,11.5,11.5,11.5,11.5,50.0
2017-02-12 23:16:41,11.5,11.5,11.5,11.5,8.9803
2017-02-12 23:19:21,11.5,11.5,11.5,11.5,8.7427
2017-02-12 23:21:06,11.5,11.5,11.5,11.5,4.3262
2017-02-12 23:23:02,11.5,11.5,11.5,11.5,2.1656
2017-02-12 23:23:08,11.5,11.5,11.5,11.5,1.0
2017-02-12 23:25:34,11.5,11.5,11.5,11.5,2.5961000000000003
2017-02-12 23:29:57,11.48,11.49,11.49,11.48,38.99660000000001
2017-02-12 23:30:49,11.48,11.48,11.48,11.48,9.4315
2017-02-12 23:32:19,11.49,11.49,11.49,11.49,0.8356
2017-02-12 23:37:45,11.49,11.49,11.49,11.49,1.0634
2017-02-12 23:39:56,11.48,11.48,11.48,11.48,12.0429
2017-02-12 23:40:26,11.48,11.48,11.48,11.48,5.0773
2017-02-12 23:42:37,11.49,11.5,11.49,11.5,91.822
2017-02-12 23:44:43,11.5,11.5,11.5,11.5,12.0004
2017-02-12 23:46:02,11.5,11.51,11.5,11.51,67.5868
2017-02-12 23:48:05,11.51,11.51,11.51,11.51,73.8993
2017-02-12 23:49:33,11.51,11.52,11.51,11.52,6.6969
2017-02-12 23:51:47,11.5,11.5,11.5,11.5,0.5411
2017-02-12 23:56:49,11.51,11.51,11.51,11.51,13.724
2017-02-12 23:58:37,11.51,11.53,11.51,11.53,207.1343
